id_udzialu;id_podmiotu;id_osoby;pochodzenie;wartosc udzialow
UDZIAL_1;PODMIOT_1;OSOBA_406;Swedish;100 %
UDZIAL_2;PODMIOT_2;OSOBA_304;Polish;50 %
UDZIAL_3;PODMIOT_2;OSOBA_212;Italian;50 %
UDZIAL_4;PODMIOT_3;OSOBA_143;Mexico;25 %
UDZIAL_5;PODMIOT_3;OSOBA_31;Czech;25 %
UDZIAL_6;PODMIOT_3;OSOBA_407;Russian;25 %
UDZIAL_7;PODMIOT_3;OSOBA_411;Spanish;25 %
UDZIAL_8;PODMIOT_4;OSOBA_280;Italian;25 %
UDZIAL_9;PODMIOT_4;OSOBA_195;Swedish;25 %
UDZIAL_10;PODMIOT_4;OSOBA_486;German;25 %
UDZIAL_11;PODMIOT_4;OSOBA_185;Italian;25 %
UDZIAL_12;PODMIOT_5;OSOBA_496;Taiwan;100 %
UDZIAL_13;PODMIOT_6;OSOBA_488;Polish;33 %
UDZIAL_14;PODMIOT_6;OSOBA_234;Finnish;33 %
UDZIAL_15;PODMIOT_6;OSOBA_46;Polish;33 %
UDZIAL_16;PODMIOT_7;OSOBA_71;Slovene;33 %
UDZIAL_17;PODMIOT_7;OSOBA_466;Polish;33 %
UDZIAL_18;PODMIOT_7;OSOBA_97;Dutch;33 %
UDZIAL_19;PODMIOT_8;OSOBA_144;USA;20 %
UDZIAL_20;PODMIOT_8;OSOBA_62;Polish;20 %
UDZIAL_21;PODMIOT_8;OSOBA_251;French;20 %
UDZIAL_22;PODMIOT_8;OSOBA_258;Finnish;20 %
UDZIAL_23;PODMIOT_8;OSOBA_393;Polish;20 %
UDZIAL_24;PODMIOT_9;OSOBA_15;Hindi;50 %
UDZIAL_25;PODMIOT_9;OSOBA_181;Polish;50 %
UDZIAL_26;PODMIOT_10;OSOBA_282;Polish;33 %
UDZIAL_27;PODMIOT_10;OSOBA_295;French;33 %
UDZIAL_28;PODMIOT_10;OSOBA_91;Polish;33 %
UDZIAL_29;PODMIOT_11;OSOBA_399;German;33 %
UDZIAL_30;PODMIOT_11;OSOBA_7;Polish;33 %
UDZIAL_31;PODMIOT_11;OSOBA_386;Polish;33 %
UDZIAL_32;PODMIOT_12;OSOBA_50;German;20 %
UDZIAL_33;PODMIOT_12;OSOBA_414;Bulgarian;20 %
UDZIAL_34;PODMIOT_12;OSOBA_227;Polish;20 %
UDZIAL_35;PODMIOT_12;OSOBA_468;Polish;20 %
UDZIAL_36;PODMIOT_12;OSOBA_476;Japanese;20 %
UDZIAL_37;PODMIOT_13;OSOBA_303;Polish;33 %
UDZIAL_38;PODMIOT_13;OSOBA_102;Polish;33 %
UDZIAL_39;PODMIOT_13;OSOBA_58;Polish;33 %
UDZIAL_40;PODMIOT_14;OSOBA_319;German;20 %
UDZIAL_41;PODMIOT_14;OSOBA_202;Polish;20 %
UDZIAL_42;PODMIOT_14;OSOBA_7;Polish;20 %
UDZIAL_43;PODMIOT_14;OSOBA_269;Polish;20 %
UDZIAL_44;PODMIOT_14;OSOBA_474;Italian;20 %
UDZIAL_45;PODMIOT_15;OSOBA_70;Czech;25 %
UDZIAL_46;PODMIOT_15;OSOBA_90;Spanish;25 %
UDZIAL_47;PODMIOT_15;OSOBA_491;Czech;25 %
UDZIAL_48;PODMIOT_15;OSOBA_457;Polish;25 %
UDZIAL_49;PODMIOT_16;OSOBA_23;Polish;33 %
UDZIAL_50;PODMIOT_16;OSOBA_305;Finnish;33 %
UDZIAL_51;PODMIOT_16;OSOBA_309;Australia;33 %
UDZIAL_52;PODMIOT_17;OSOBA_173;Italian;25 %
UDZIAL_53;PODMIOT_17;OSOBA_402;English;25 %
UDZIAL_54;PODMIOT_17;OSOBA_129;Polish;25 %
UDZIAL_55;PODMIOT_17;OSOBA_125;Polish;25 %
UDZIAL_56;PODMIOT_18;OSOBA_212;Italian;50 %
UDZIAL_57;PODMIOT_18;OSOBA_430;Slovene;50 %
UDZIAL_58;PODMIOT_19;OSOBA_242;French;20 %
UDZIAL_59;PODMIOT_19;OSOBA_325;Norwegian;20 %
UDZIAL_60;PODMIOT_19;OSOBA_54;Polish;20 %
UDZIAL_61;PODMIOT_19;OSOBA_252;Polish;20 %
UDZIAL_62;PODMIOT_19;OSOBA_432;Polish;20 %
UDZIAL_63;PODMIOT_20;OSOBA_483;German;50 %
UDZIAL_64;PODMIOT_20;OSOBA_277;Polish;50 %
UDZIAL_65;PODMIOT_21;OSOBA_17;Polish;33 %
UDZIAL_66;PODMIOT_21;OSOBA_260;Polish;33 %
UDZIAL_67;PODMIOT_21;OSOBA_349;Canada;33 %
UDZIAL_68;PODMIOT_22;OSOBA_278;Polish;20 %
UDZIAL_69;PODMIOT_22;OSOBA_40;Polish;20 %
UDZIAL_70;PODMIOT_22;OSOBA_81;Polish;20 %
UDZIAL_71;PODMIOT_22;OSOBA_472;Greek;20 %
UDZIAL_72;PODMIOT_22;OSOBA_216;Polish;20 %
UDZIAL_73;PODMIOT_23;OSOBA_354;German;100 %
UDZIAL_74;PODMIOT_24;OSOBA_84;Polish;100 %
UDZIAL_75;PODMIOT_25;OSOBA_215;Polish;33 %
UDZIAL_76;PODMIOT_25;OSOBA_355;Brazil;33 %
UDZIAL_77;PODMIOT_25;OSOBA_313;Polish;33 %
UDZIAL_78;PODMIOT_26;OSOBA_292;Polish;100 %
UDZIAL_79;PODMIOT_27;OSOBA_393;Polish;100 %
UDZIAL_80;PODMIOT_28;OSOBA_197;Greek;100 %
UDZIAL_81;PODMIOT_29;OSOBA_407;Russian;50 %
UDZIAL_82;PODMIOT_29;OSOBA_238;Polish;50 %
UDZIAL_83;PODMIOT_30;OSOBA_336;Polish;33 %
UDZIAL_84;PODMIOT_30;OSOBA_17;Polish;33 %
UDZIAL_85;PODMIOT_30;OSOBA_360;Swedish;33 %
UDZIAL_86;PODMIOT_31;OSOBA_18;Polish;33 %
UDZIAL_87;PODMIOT_31;OSOBA_172;Polish;33 %
UDZIAL_88;PODMIOT_31;OSOBA_374;Polish;33 %
UDZIAL_89;PODMIOT_32;OSOBA_389;Latvian;100 %
UDZIAL_90;PODMIOT_33;OSOBA_7;Polish;25 %
UDZIAL_91;PODMIOT_33;OSOBA_205;Polish;25 %
UDZIAL_92;PODMIOT_33;OSOBA_258;Finnish;25 %
UDZIAL_93;PODMIOT_33;OSOBA_416;Polish;25 %
UDZIAL_94;PODMIOT_34;OSOBA_413;Persian;25 %
UDZIAL_95;PODMIOT_34;OSOBA_323;Brazil;25 %
UDZIAL_96;PODMIOT_34;OSOBA_357;Polish;25 %
UDZIAL_97;PODMIOT_34;OSOBA_53;USA;25 %
UDZIAL_98;PODMIOT_35;OSOBA_424;Polish;100 %
UDZIAL_99;PODMIOT_36;OSOBA_117;Taiwan;50 %
UDZIAL_100;PODMIOT_36;OSOBA_16;Spanish;50 %
UDZIAL_101;PODMIOT_37;OSOBA_242;French;33 %
UDZIAL_102;PODMIOT_37;OSOBA_357;Polish;33 %
UDZIAL_103;PODMIOT_37;OSOBA_385;Polish;33 %
UDZIAL_104;PODMIOT_38;OSOBA_265;Russian;25 %
UDZIAL_105;PODMIOT_38;OSOBA_79;Russian;25 %
UDZIAL_106;PODMIOT_38;OSOBA_398;USA;25 %
UDZIAL_107;PODMIOT_38;OSOBA_497;Polish;25 %
UDZIAL_108;PODMIOT_39;OSOBA_216;Polish;50 %
UDZIAL_109;PODMIOT_39;OSOBA_87;Polish;50 %
UDZIAL_110;PODMIOT_40;OSOBA_78;Danish;50 %
UDZIAL_111;PODMIOT_40;OSOBA_123;USA;50 %
UDZIAL_112;PODMIOT_41;OSOBA_113;Czech;33 %
UDZIAL_113;PODMIOT_41;OSOBA_359;Mexico;33 %
UDZIAL_114;PODMIOT_41;OSOBA_164;English;33 %
UDZIAL_115;PODMIOT_42;OSOBA_128;Polish;25 %
UDZIAL_116;PODMIOT_42;OSOBA_22;Polish;25 %
UDZIAL_117;PODMIOT_42;OSOBA_250;Polish;25 %
UDZIAL_118;PODMIOT_42;OSOBA_188;Polish;25 %
UDZIAL_119;PODMIOT_43;OSOBA_11;Spanish;33 %
UDZIAL_120;PODMIOT_43;OSOBA_76;Polish;33 %
UDZIAL_121;PODMIOT_43;OSOBA_196;Australia;33 %
UDZIAL_122;PODMIOT_44;OSOBA_120;Polish;33 %
UDZIAL_123;PODMIOT_44;OSOBA_380;Polish;33 %
UDZIAL_124;PODMIOT_44;OSOBA_407;Russian;33 %
UDZIAL_125;PODMIOT_45;OSOBA_486;German;33 %
UDZIAL_126;PODMIOT_45;OSOBA_51;Polish;33 %
UDZIAL_127;PODMIOT_45;OSOBA_416;Polish;33 %
UDZIAL_128;PODMIOT_46;OSOBA_106;Portugal;20 %
UDZIAL_129;PODMIOT_46;OSOBA_194;Norwegian;20 %
UDZIAL_130;PODMIOT_46;OSOBA_462;Polish;20 %
UDZIAL_131;PODMIOT_46;OSOBA_76;Polish;20 %
UDZIAL_132;PODMIOT_46;OSOBA_353;Greek;20 %
UDZIAL_133;PODMIOT_47;OSOBA_186;Italian;25 %
UDZIAL_134;PODMIOT_47;OSOBA_153;Polish;25 %
UDZIAL_135;PODMIOT_47;OSOBA_487;Danish;25 %
UDZIAL_136;PODMIOT_47;OSOBA_90;Spanish;25 %
UDZIAL_137;PODMIOT_48;OSOBA_482;Czech;100 %
UDZIAL_138;PODMIOT_49;OSOBA_37;Canada;50 %
UDZIAL_139;PODMIOT_49;OSOBA_414;Bulgarian;50 %
UDZIAL_140;PODMIOT_50;OSOBA_386;Polish;33 %
UDZIAL_141;PODMIOT_50;OSOBA_4;English;33 %
UDZIAL_142;PODMIOT_50;OSOBA_127;Norwegian;33 %
UDZIAL_143;PODMIOT_51;OSOBA_251;French;33 %
UDZIAL_144;PODMIOT_51;OSOBA_481;Polish;33 %
UDZIAL_145;PODMIOT_51;OSOBA_19;Polish;33 %
UDZIAL_146;PODMIOT_52;OSOBA_238;Polish;33 %
UDZIAL_147;PODMIOT_52;OSOBA_278;Polish;33 %
UDZIAL_148;PODMIOT_52;OSOBA_379;Lithuanian;33 %
UDZIAL_149;PODMIOT_53;OSOBA_100;Polish;33 %
UDZIAL_150;PODMIOT_53;OSOBA_117;Taiwan;33 %
UDZIAL_151;PODMIOT_53;OSOBA_106;Portugal;33 %
UDZIAL_152;PODMIOT_54;OSOBA_393;Polish;100 %
UDZIAL_153;PODMIOT_55;OSOBA_481;Polish;25 %
UDZIAL_154;PODMIOT_55;OSOBA_206;Polish;25 %
UDZIAL_155;PODMIOT_55;OSOBA_73;Polish;25 %
UDZIAL_156;PODMIOT_55;OSOBA_71;Slovene;25 %
UDZIAL_157;PODMIOT_56;OSOBA_201;Polish;100 %
UDZIAL_158;PODMIOT_57;OSOBA_184;German;50 %
UDZIAL_159;PODMIOT_57;OSOBA_225;Polish;50 %
UDZIAL_160;PODMIOT_58;OSOBA_337;China;50 %
UDZIAL_161;PODMIOT_58;OSOBA_187;Spanish;50 %
UDZIAL_162;PODMIOT_59;OSOBA_275;Danish;20 %
UDZIAL_163;PODMIOT_59;OSOBA_312;Polish;20 %
UDZIAL_164;PODMIOT_59;OSOBA_201;Polish;20 %
UDZIAL_165;PODMIOT_59;OSOBA_212;Italian;20 %
UDZIAL_166;PODMIOT_59;OSOBA_491;Czech;20 %
UDZIAL_167;PODMIOT_60;OSOBA_287;Polish;100 %
UDZIAL_168;PODMIOT_61;OSOBA_486;German;33 %
UDZIAL_169;PODMIOT_61;OSOBA_419;Polish;33 %
UDZIAL_170;PODMIOT_61;OSOBA_71;Slovene;33 %
UDZIAL_171;PODMIOT_62;OSOBA_207;Polish;33 %
UDZIAL_172;PODMIOT_62;OSOBA_125;Polish;33 %
UDZIAL_173;PODMIOT_62;OSOBA_209;Lithuanian;33 %
UDZIAL_174;PODMIOT_63;OSOBA_366;Polish;33 %
UDZIAL_175;PODMIOT_63;OSOBA_282;Polish;33 %
UDZIAL_176;PODMIOT_63;OSOBA_188;Polish;33 %
UDZIAL_177;PODMIOT_64;OSOBA_201;Polish;20 %
UDZIAL_178;PODMIOT_64;OSOBA_194;Norwegian;20 %
UDZIAL_179;PODMIOT_64;OSOBA_386;Polish;20 %
UDZIAL_180;PODMIOT_64;OSOBA_335;Canada;20 %
UDZIAL_181;PODMIOT_64;OSOBA_497;Polish;20 %
UDZIAL_182;PODMIOT_65;OSOBA_240;Dutch;20 %
UDZIAL_183;PODMIOT_65;OSOBA_274;German;20 %
UDZIAL_184;PODMIOT_65;OSOBA_267;Persian;20 %
UDZIAL_185;PODMIOT_65;OSOBA_376;Polish;20 %
UDZIAL_186;PODMIOT_65;OSOBA_74;Lithuanian;20 %
UDZIAL_187;PODMIOT_66;OSOBA_473;English;50 %
UDZIAL_188;PODMIOT_66;OSOBA_464;Czech;50 %
UDZIAL_189;PODMIOT_67;OSOBA_433;Polish;50 %
UDZIAL_190;PODMIOT_67;OSOBA_131;Portugal;50 %
UDZIAL_191;PODMIOT_68;OSOBA_420;Greek;50 %
UDZIAL_192;PODMIOT_68;OSOBA_295;French;50 %
UDZIAL_193;PODMIOT_69;OSOBA_169;Polish;25 %
UDZIAL_194;PODMIOT_69;OSOBA_107;Slovene;25 %
UDZIAL_195;PODMIOT_69;OSOBA_250;Polish;25 %
UDZIAL_196;PODMIOT_69;OSOBA_488;Polish;25 %
UDZIAL_197;PODMIOT_70;OSOBA_176;Dutch;20 %
UDZIAL_198;PODMIOT_70;OSOBA_12;Korean;20 %
UDZIAL_199;PODMIOT_70;OSOBA_43;Norwegian;20 %
UDZIAL_200;PODMIOT_70;OSOBA_424;Polish;20 %
UDZIAL_201;PODMIOT_70;OSOBA_470;Australia;20 %
UDZIAL_202;PODMIOT_71;OSOBA_212;Italian;25 %
UDZIAL_203;PODMIOT_71;OSOBA_488;Polish;25 %
UDZIAL_204;PODMIOT_71;OSOBA_231;Polish;25 %
UDZIAL_205;PODMIOT_71;OSOBA_32;Polish;25 %
UDZIAL_206;PODMIOT_72;OSOBA_302;Polish;50 %
UDZIAL_207;PODMIOT_72;OSOBA_151;Japanese;50 %
UDZIAL_208;PODMIOT_73;OSOBA_280;Italian;33 %
UDZIAL_209;PODMIOT_73;OSOBA_55;Swedish;33 %
UDZIAL_210;PODMIOT_73;OSOBA_259;Polish;33 %
UDZIAL_211;PODMIOT_74;OSOBA_39;Polish;50 %
UDZIAL_212;PODMIOT_74;OSOBA_19;Polish;50 %
UDZIAL_213;PODMIOT_75;OSOBA_136;Lithuanian;100 %
UDZIAL_214;PODMIOT_76;OSOBA_354;German;100 %
UDZIAL_215;PODMIOT_77;OSOBA_358;Polish;33 %
UDZIAL_216;PODMIOT_77;OSOBA_168;German;33 %
UDZIAL_217;PODMIOT_77;OSOBA_431;Australia;33 %
UDZIAL_218;PODMIOT_78;OSOBA_330;Polish;25 %
UDZIAL_219;PODMIOT_78;OSOBA_150;Lithuanian;25 %
UDZIAL_220;PODMIOT_78;OSOBA_254;Swedish;25 %
UDZIAL_221;PODMIOT_78;OSOBA_402;English;25 %
UDZIAL_222;PODMIOT_79;OSOBA_41;Taiwan;100 %
UDZIAL_223;PODMIOT_80;OSOBA_28;Polish;20 %
UDZIAL_224;PODMIOT_80;OSOBA_106;Portugal;20 %
UDZIAL_225;PODMIOT_80;OSOBA_122;Polish;20 %
UDZIAL_226;PODMIOT_80;OSOBA_101;Polish;20 %
UDZIAL_227;PODMIOT_80;OSOBA_390;Polish;20 %
UDZIAL_228;PODMIOT_81;OSOBA_388;Polish;20 %
UDZIAL_229;PODMIOT_81;OSOBA_200;Italian;20 %
UDZIAL_230;PODMIOT_81;OSOBA_205;Polish;20 %
UDZIAL_231;PODMIOT_81;OSOBA_158;Russian;20 %
UDZIAL_232;PODMIOT_81;OSOBA_126;Danish;20 %
UDZIAL_233;PODMIOT_82;OSOBA_458;Latvian;25 %
UDZIAL_234;PODMIOT_82;OSOBA_409;Polish;25 %
UDZIAL_235;PODMIOT_82;OSOBA_165;Norwegian;25 %
UDZIAL_236;PODMIOT_82;OSOBA_470;Australia;25 %
UDZIAL_237;PODMIOT_83;OSOBA_482;Czech;25 %
UDZIAL_238;PODMIOT_83;OSOBA_344;Polish;25 %
UDZIAL_239;PODMIOT_83;OSOBA_260;Polish;25 %
UDZIAL_240;PODMIOT_83;OSOBA_437;German;25 %
UDZIAL_241;PODMIOT_84;OSOBA_146;English;20 %
UDZIAL_242;PODMIOT_84;OSOBA_402;English;20 %
UDZIAL_243;PODMIOT_84;OSOBA_445;Polish;20 %
UDZIAL_244;PODMIOT_84;OSOBA_126;Danish;20 %
UDZIAL_245;PODMIOT_84;OSOBA_272;French;20 %
UDZIAL_246;PODMIOT_85;OSOBA_3;Portugal;25 %
UDZIAL_247;PODMIOT_85;OSOBA_29;Slovene;25 %
UDZIAL_248;PODMIOT_85;OSOBA_382;Danish;25 %
UDZIAL_249;PODMIOT_85;OSOBA_89;Polish;25 %
UDZIAL_250;PODMIOT_86;OSOBA_415;English;33 %
UDZIAL_251;PODMIOT_86;OSOBA_376;Polish;33 %
UDZIAL_252;PODMIOT_86;OSOBA_117;Taiwan;33 %
UDZIAL_253;PODMIOT_87;OSOBA_48;Polish;33 %
UDZIAL_254;PODMIOT_87;OSOBA_455;Polish;33 %
UDZIAL_255;PODMIOT_87;OSOBA_464;Czech;33 %
UDZIAL_256;PODMIOT_88;OSOBA_178;Slovene;100 %
UDZIAL_257;PODMIOT_89;OSOBA_381;Polish;50 %
UDZIAL_258;PODMIOT_89;OSOBA_120;Polish;50 %
UDZIAL_259;PODMIOT_90;OSOBA_65;Canada;33 %
UDZIAL_260;PODMIOT_90;OSOBA_137;Swedish;33 %
UDZIAL_261;PODMIOT_90;OSOBA_295;French;33 %
UDZIAL_262;PODMIOT_91;OSOBA_415;English;20 %
UDZIAL_263;PODMIOT_91;OSOBA_86;Finnish;20 %
UDZIAL_264;PODMIOT_91;OSOBA_53;USA;20 %
UDZIAL_265;PODMIOT_91;OSOBA_198;Polish;20 %
UDZIAL_266;PODMIOT_91;OSOBA_334;Hindi;20 %
UDZIAL_267;PODMIOT_92;OSOBA_128;Polish;25 %
UDZIAL_268;PODMIOT_92;OSOBA_204;Polish;25 %
UDZIAL_269;PODMIOT_92;OSOBA_262;Japanese;25 %
UDZIAL_270;PODMIOT_92;OSOBA_86;Finnish;25 %
UDZIAL_271;PODMIOT_93;OSOBA_259;Polish;50 %
UDZIAL_272;PODMIOT_93;OSOBA_332;Italian;50 %
UDZIAL_273;PODMIOT_94;OSOBA_474;Italian;33 %
UDZIAL_274;PODMIOT_94;OSOBA_131;Portugal;33 %
UDZIAL_275;PODMIOT_94;OSOBA_327;Italian;33 %
UDZIAL_276;PODMIOT_95;OSOBA_215;Polish;50 %
UDZIAL_277;PODMIOT_95;OSOBA_170;Brazil;50 %
UDZIAL_278;PODMIOT_96;OSOBA_65;Canada;20 %
UDZIAL_279;PODMIOT_96;OSOBA_148;German;20 %
UDZIAL_280;PODMIOT_96;OSOBA_444;Polish;20 %
UDZIAL_281;PODMIOT_96;OSOBA_301;Australia;20 %
UDZIAL_282;PODMIOT_96;OSOBA_233;Slovene;20 %
UDZIAL_283;PODMIOT_97;OSOBA_225;Polish;33 %
UDZIAL_284;PODMIOT_97;OSOBA_335;Canada;33 %
UDZIAL_285;PODMIOT_97;OSOBA_276;Norwegian;33 %
UDZIAL_286;PODMIOT_98;OSOBA_373;Greek;33 %
UDZIAL_287;PODMIOT_98;OSOBA_65;Canada;33 %
UDZIAL_288;PODMIOT_98;OSOBA_317;Australia;33 %
UDZIAL_289;PODMIOT_99;OSOBA_41;Taiwan;20 %
UDZIAL_290;PODMIOT_99;OSOBA_309;Australia;20 %
UDZIAL_291;PODMIOT_99;OSOBA_456;Polish;20 %
UDZIAL_292;PODMIOT_99;OSOBA_281;Polish;20 %
UDZIAL_293;PODMIOT_99;OSOBA_347;Polish;20 %
UDZIAL_294;PODMIOT_100;OSOBA_332;Italian;100 %
UDZIAL_295;PODMIOT_101;OSOBA_350;Polish;50 %
UDZIAL_296;PODMIOT_101;OSOBA_221;Greek;50 %
UDZIAL_297;PODMIOT_102;OSOBA_99;Spanish;33 %
UDZIAL_298;PODMIOT_102;OSOBA_402;English;33 %
UDZIAL_299;PODMIOT_102;OSOBA_379;Lithuanian;33 %
UDZIAL_300;PODMIOT_103;OSOBA_469;Turkish;33 %
UDZIAL_301;PODMIOT_103;OSOBA_401;Czech;33 %
UDZIAL_302;PODMIOT_103;OSOBA_473;English;33 %
UDZIAL_303;PODMIOT_104;OSOBA_287;Polish;20 %
UDZIAL_304;PODMIOT_104;OSOBA_226;China;20 %
UDZIAL_305;PODMIOT_104;OSOBA_178;Slovene;20 %
UDZIAL_306;PODMIOT_104;OSOBA_89;Polish;20 %
UDZIAL_307;PODMIOT_104;OSOBA_164;English;20 %
UDZIAL_308;PODMIOT_105;OSOBA_478;Norwegian;100 %
UDZIAL_309;PODMIOT_106;OSOBA_160;Polish;33 %
UDZIAL_310;PODMIOT_106;OSOBA_168;German;33 %
UDZIAL_311;PODMIOT_106;OSOBA_389;Latvian;33 %
UDZIAL_312;PODMIOT_107;OSOBA_446;Swedish;100 %
UDZIAL_313;PODMIOT_108;OSOBA_114;Canada;100 %
UDZIAL_314;PODMIOT_109;OSOBA_36;Spanish;50 %
UDZIAL_315;PODMIOT_109;OSOBA_247;Polish;50 %
UDZIAL_316;PODMIOT_110;OSOBA_123;USA;50 %
UDZIAL_317;PODMIOT_110;OSOBA_177;French;50 %
UDZIAL_318;PODMIOT_111;OSOBA_210;Slovene;100 %
UDZIAL_319;PODMIOT_112;OSOBA_233;Slovene;25 %
UDZIAL_320;PODMIOT_112;OSOBA_113;Czech;25 %
UDZIAL_321;PODMIOT_112;OSOBA_23;Polish;25 %
UDZIAL_322;PODMIOT_112;OSOBA_34;Polish;25 %
UDZIAL_323;PODMIOT_113;OSOBA_127;Norwegian;20 %
UDZIAL_324;PODMIOT_113;OSOBA_165;Norwegian;20 %
UDZIAL_325;PODMIOT_113;OSOBA_299;Japanese;20 %
UDZIAL_326;PODMIOT_113;OSOBA_329;Polish;20 %
UDZIAL_327;PODMIOT_113;OSOBA_266;Polish;20 %
UDZIAL_328;PODMIOT_114;OSOBA_335;Canada;20 %
UDZIAL_329;PODMIOT_114;OSOBA_236;Polish;20 %
UDZIAL_330;PODMIOT_114;OSOBA_415;English;20 %
UDZIAL_331;PODMIOT_114;OSOBA_164;English;20 %
UDZIAL_332;PODMIOT_114;OSOBA_248;English;20 %
UDZIAL_333;PODMIOT_115;OSOBA_45;Polish;50 %
UDZIAL_334;PODMIOT_115;OSOBA_276;Norwegian;50 %
UDZIAL_335;PODMIOT_116;OSOBA_26;USA;25 %
UDZIAL_336;PODMIOT_116;OSOBA_333;Polish;25 %
UDZIAL_337;PODMIOT_116;OSOBA_458;Latvian;25 %
UDZIAL_338;PODMIOT_116;OSOBA_314;China;25 %
UDZIAL_339;PODMIOT_117;OSOBA_266;Polish;20 %
UDZIAL_340;PODMIOT_117;OSOBA_357;Polish;20 %
UDZIAL_341;PODMIOT_117;OSOBA_386;Polish;20 %
UDZIAL_342;PODMIOT_117;OSOBA_66;English;20 %
UDZIAL_343;PODMIOT_117;OSOBA_13;Australia;20 %
UDZIAL_344;PODMIOT_118;OSOBA_94;Greek;50 %
UDZIAL_345;PODMIOT_118;OSOBA_183;Polish;50 %
UDZIAL_346;PODMIOT_119;OSOBA_323;Brazil;100 %
UDZIAL_347;PODMIOT_120;OSOBA_389;Latvian;33 %
UDZIAL_348;PODMIOT_120;OSOBA_487;Danish;33 %
UDZIAL_349;PODMIOT_120;OSOBA_139;Polish;33 %
UDZIAL_350;PODMIOT_121;OSOBA_419;Polish;20 %
UDZIAL_351;PODMIOT_121;OSOBA_381;Polish;20 %
UDZIAL_352;PODMIOT_121;OSOBA_395;Polish;20 %
UDZIAL_353;PODMIOT_121;OSOBA_162;Canada;20 %
UDZIAL_354;PODMIOT_121;OSOBA_400;Mexico;20 %
UDZIAL_355;PODMIOT_122;OSOBA_332;Italian;33 %
UDZIAL_356;PODMIOT_122;OSOBA_39;Polish;33 %
UDZIAL_357;PODMIOT_122;OSOBA_125;Polish;33 %
UDZIAL_358;PODMIOT_123;OSOBA_380;Polish;25 %
UDZIAL_359;PODMIOT_123;OSOBA_129;Polish;25 %
UDZIAL_360;PODMIOT_123;OSOBA_115;Slovene;25 %
UDZIAL_361;PODMIOT_123;OSOBA_412;Polish;25 %
UDZIAL_362;PODMIOT_124;OSOBA_356;French;20 %
UDZIAL_363;PODMIOT_124;OSOBA_186;Italian;20 %
UDZIAL_364;PODMIOT_124;OSOBA_453;Polish;20 %
UDZIAL_365;PODMIOT_124;OSOBA_77;Polish;20 %
UDZIAL_366;PODMIOT_124;OSOBA_144;USA;20 %
UDZIAL_367;PODMIOT_125;OSOBA_239;Polish;20 %
UDZIAL_368;PODMIOT_125;OSOBA_235;Polish;20 %
UDZIAL_369;PODMIOT_125;OSOBA_172;Polish;20 %
UDZIAL_370;PODMIOT_125;OSOBA_463;Czech;20 %
UDZIAL_371;PODMIOT_125;OSOBA_478;Norwegian;20 %
UDZIAL_372;PODMIOT_126;OSOBA_479;Portugal;100 %
UDZIAL_373;PODMIOT_127;OSOBA_82;German;20 %
UDZIAL_374;PODMIOT_127;OSOBA_363;Japanese;20 %
UDZIAL_375;PODMIOT_127;OSOBA_239;Polish;20 %
UDZIAL_376;PODMIOT_127;OSOBA_330;Polish;20 %
UDZIAL_377;PODMIOT_127;OSOBA_229;Polish;20 %
UDZIAL_378;PODMIOT_128;OSOBA_190;Italian;100 %
UDZIAL_379;PODMIOT_129;OSOBA_41;Taiwan;20 %
UDZIAL_380;PODMIOT_129;OSOBA_187;Spanish;20 %
UDZIAL_381;PODMIOT_129;OSOBA_136;Lithuanian;20 %
UDZIAL_382;PODMIOT_129;OSOBA_127;Norwegian;20 %
UDZIAL_383;PODMIOT_129;OSOBA_185;Italian;20 %
UDZIAL_384;PODMIOT_130;OSOBA_125;Polish;33 %
UDZIAL_385;PODMIOT_130;OSOBA_179;Swedish;33 %
UDZIAL_386;PODMIOT_130;OSOBA_133;Polish;33 %
UDZIAL_387;PODMIOT_131;OSOBA_365;Slovene;33 %
UDZIAL_388;PODMIOT_131;OSOBA_51;Polish;33 %
UDZIAL_389;PODMIOT_131;OSOBA_167;Polish;33 %
UDZIAL_390;PODMIOT_132;OSOBA_421;Hindi;100 %
UDZIAL_391;PODMIOT_133;OSOBA_280;Italian;20 %
UDZIAL_392;PODMIOT_133;OSOBA_456;Polish;20 %
UDZIAL_393;PODMIOT_133;OSOBA_268;Polish;20 %
UDZIAL_394;PODMIOT_133;OSOBA_384;German;20 %
UDZIAL_395;PODMIOT_133;OSOBA_342;Polish;20 %
UDZIAL_396;PODMIOT_134;OSOBA_388;Polish;100 %
UDZIAL_397;PODMIOT_135;OSOBA_78;Danish;20 %
UDZIAL_398;PODMIOT_135;OSOBA_169;Polish;20 %
UDZIAL_399;PODMIOT_135;OSOBA_263;Polish;20 %
UDZIAL_400;PODMIOT_135;OSOBA_475;Turkish;20 %
UDZIAL_401;PODMIOT_135;OSOBA_112;Turkish;20 %
UDZIAL_402;PODMIOT_136;OSOBA_431;Australia;33 %
UDZIAL_403;PODMIOT_136;OSOBA_492;Polish;33 %
UDZIAL_404;PODMIOT_136;OSOBA_157;Polish;33 %
UDZIAL_405;PODMIOT_137;OSOBA_357;Polish;100 %
UDZIAL_406;PODMIOT_138;OSOBA_442;Greek;100 %
UDZIAL_407;PODMIOT_139;OSOBA_341;Greek;33 %
UDZIAL_408;PODMIOT_139;OSOBA_11;Spanish;33 %
UDZIAL_409;PODMIOT_139;OSOBA_426;Polish;33 %
UDZIAL_410;PODMIOT_140;OSOBA_206;Polish;20 %
UDZIAL_411;PODMIOT_140;OSOBA_229;Polish;20 %
UDZIAL_412;PODMIOT_140;OSOBA_308;Polish;20 %
UDZIAL_413;PODMIOT_140;OSOBA_174;Polish;20 %
UDZIAL_414;PODMIOT_140;OSOBA_241;Canada;20 %
UDZIAL_415;PODMIOT_141;OSOBA_67;Norwegian;50 %
UDZIAL_416;PODMIOT_141;OSOBA_496;Taiwan;50 %
UDZIAL_417;PODMIOT_142;OSOBA_123;USA;20 %
UDZIAL_418;PODMIOT_142;OSOBA_5;Polish;20 %
UDZIAL_419;PODMIOT_142;OSOBA_349;Canada;20 %
UDZIAL_420;PODMIOT_142;OSOBA_298;Polish;20 %
UDZIAL_421;PODMIOT_142;OSOBA_372;Polish;20 %
UDZIAL_422;PODMIOT_143;OSOBA_147;Polish;25 %
UDZIAL_423;PODMIOT_143;OSOBA_444;Polish;25 %
UDZIAL_424;PODMIOT_143;OSOBA_406;Swedish;25 %
UDZIAL_425;PODMIOT_143;OSOBA_402;English;25 %
UDZIAL_426;PODMIOT_144;OSOBA_45;Polish;100 %
UDZIAL_427;PODMIOT_145;OSOBA_449;China;25 %
UDZIAL_428;PODMIOT_145;OSOBA_22;Polish;25 %
UDZIAL_429;PODMIOT_145;OSOBA_499;Norwegian;25 %
UDZIAL_430;PODMIOT_145;OSOBA_247;Polish;25 %
UDZIAL_431;PODMIOT_146;OSOBA_334;Hindi;50 %
UDZIAL_432;PODMIOT_146;OSOBA_407;Russian;50 %
UDZIAL_433;PODMIOT_147;OSOBA_23;Polish;50 %
UDZIAL_434;PODMIOT_147;OSOBA_176;Dutch;50 %
UDZIAL_435;PODMIOT_148;OSOBA_400;Mexico;50 %
UDZIAL_436;PODMIOT_148;OSOBA_311;Polish;50 %
UDZIAL_437;PODMIOT_149;OSOBA_89;Polish;20 %
UDZIAL_438;PODMIOT_149;OSOBA_317;Australia;20 %
UDZIAL_439;PODMIOT_149;OSOBA_211;German;20 %
UDZIAL_440;PODMIOT_149;OSOBA_411;Spanish;20 %
UDZIAL_441;PODMIOT_149;OSOBA_36;Spanish;20 %
UDZIAL_442;PODMIOT_150;OSOBA_65;Canada;20 %
UDZIAL_443;PODMIOT_150;OSOBA_168;German;20 %
UDZIAL_444;PODMIOT_150;OSOBA_15;Hindi;20 %
UDZIAL_445;PODMIOT_150;OSOBA_413;Persian;20 %
UDZIAL_446;PODMIOT_150;OSOBA_155;Polish;20 %
UDZIAL_447;PODMIOT_151;OSOBA_137;Swedish;50 %
UDZIAL_448;PODMIOT_151;OSOBA_48;Polish;50 %
UDZIAL_449;PODMIOT_152;OSOBA_150;Lithuanian;100 %
UDZIAL_450;PODMIOT_153;OSOBA_214;Polish;20 %
UDZIAL_451;PODMIOT_153;OSOBA_299;Japanese;20 %
UDZIAL_452;PODMIOT_153;OSOBA_174;Polish;20 %
UDZIAL_453;PODMIOT_153;OSOBA_98;Polish;20 %
UDZIAL_454;PODMIOT_153;OSOBA_155;Polish;20 %
UDZIAL_455;PODMIOT_154;OSOBA_163;Bulgarian;25 %
UDZIAL_456;PODMIOT_154;OSOBA_48;Polish;25 %
UDZIAL_457;PODMIOT_154;OSOBA_454;Taiwan;25 %
UDZIAL_458;PODMIOT_154;OSOBA_330;Polish;25 %
UDZIAL_459;PODMIOT_155;OSOBA_257;Polish;50 %
UDZIAL_460;PODMIOT_155;OSOBA_246;German;50 %
UDZIAL_461;PODMIOT_156;OSOBA_102;Polish;33 %
UDZIAL_462;PODMIOT_156;OSOBA_235;Polish;33 %
UDZIAL_463;PODMIOT_156;OSOBA_128;Polish;33 %
UDZIAL_464;PODMIOT_157;OSOBA_132;Australia;100 %
UDZIAL_465;PODMIOT_158;OSOBA_395;Polish;50 %
UDZIAL_466;PODMIOT_158;OSOBA_165;Norwegian;50 %
UDZIAL_467;PODMIOT_159;OSOBA_430;Slovene;33 %
UDZIAL_468;PODMIOT_159;OSOBA_494;Hindi;33 %
UDZIAL_469;PODMIOT_159;OSOBA_331;Polish;33 %
UDZIAL_470;PODMIOT_160;OSOBA_423;Polish;50 %
UDZIAL_471;PODMIOT_160;OSOBA_216;Polish;50 %
UDZIAL_472;PODMIOT_161;OSOBA_452;Polish;33 %
UDZIAL_473;PODMIOT_161;OSOBA_90;Spanish;33 %
UDZIAL_474;PODMIOT_161;OSOBA_8;Persian;33 %
UDZIAL_475;PODMIOT_162;OSOBA_216;Polish;50 %
UDZIAL_476;PODMIOT_162;OSOBA_269;Polish;50 %
UDZIAL_477;PODMIOT_163;OSOBA_453;Polish;25 %
UDZIAL_478;PODMIOT_163;OSOBA_109;Greek;25 %
UDZIAL_479;PODMIOT_163;OSOBA_259;Polish;25 %
UDZIAL_480;PODMIOT_163;OSOBA_25;Polish;25 %
UDZIAL_481;PODMIOT_164;OSOBA_94;Greek;50 %
UDZIAL_482;PODMIOT_164;OSOBA_309;Australia;50 %
UDZIAL_483;PODMIOT_165;OSOBA_143;Mexico;25 %
UDZIAL_484;PODMIOT_165;OSOBA_55;Swedish;25 %
UDZIAL_485;PODMIOT_165;OSOBA_468;Polish;25 %
UDZIAL_486;PODMIOT_165;OSOBA_406;Swedish;25 %
UDZIAL_487;PODMIOT_166;OSOBA_125;Polish;50 %
UDZIAL_488;PODMIOT_166;OSOBA_308;Polish;50 %
UDZIAL_489;PODMIOT_167;OSOBA_263;Polish;20 %
UDZIAL_490;PODMIOT_167;OSOBA_212;Italian;20 %
UDZIAL_491;PODMIOT_167;OSOBA_28;Polish;20 %
UDZIAL_492;PODMIOT_167;OSOBA_91;Polish;20 %
UDZIAL_493;PODMIOT_167;OSOBA_6;Finnish;20 %
UDZIAL_494;PODMIOT_168;OSOBA_410;Polish;50 %
UDZIAL_495;PODMIOT_168;OSOBA_345;Taiwan;50 %
UDZIAL_496;PODMIOT_169;OSOBA_205;Polish;25 %
UDZIAL_497;PODMIOT_169;OSOBA_26;USA;25 %
UDZIAL_498;PODMIOT_169;OSOBA_336;Polish;25 %
UDZIAL_499;PODMIOT_169;OSOBA_485;Polish;25 %
UDZIAL_500;PODMIOT_170;OSOBA_208;Swedish;25 %
UDZIAL_501;PODMIOT_170;OSOBA_423;Polish;25 %
UDZIAL_502;PODMIOT_170;OSOBA_75;Australia;25 %
UDZIAL_503;PODMIOT_170;OSOBA_108;French;25 %
UDZIAL_504;PODMIOT_171;OSOBA_162;Canada;50 %
UDZIAL_505;PODMIOT_171;OSOBA_284;Canada;50 %
UDZIAL_506;PODMIOT_172;OSOBA_82;German;100 %
UDZIAL_507;PODMIOT_173;OSOBA_91;Polish;50 %
UDZIAL_508;PODMIOT_173;OSOBA_492;Polish;50 %
UDZIAL_509;PODMIOT_174;OSOBA_49;Latvian;33 %
UDZIAL_510;PODMIOT_174;OSOBA_226;China;33 %
UDZIAL_511;PODMIOT_174;OSOBA_475;Turkish;33 %
UDZIAL_512;PODMIOT_175;OSOBA_336;Polish;20 %
UDZIAL_513;PODMIOT_175;OSOBA_186;Italian;20 %
UDZIAL_514;PODMIOT_175;OSOBA_43;Norwegian;20 %
UDZIAL_515;PODMIOT_175;OSOBA_10;Polish;20 %
UDZIAL_516;PODMIOT_175;OSOBA_288;Brazil;20 %
UDZIAL_517;PODMIOT_176;OSOBA_264;Greek;100 %
UDZIAL_518;PODMIOT_177;OSOBA_403;Polish;33 %
UDZIAL_519;PODMIOT_177;OSOBA_188;Polish;33 %
UDZIAL_520;PODMIOT_177;OSOBA_160;Polish;33 %
UDZIAL_521;PODMIOT_178;OSOBA_394;Polish;25 %
UDZIAL_522;PODMIOT_178;OSOBA_215;Polish;25 %
UDZIAL_523;PODMIOT_178;OSOBA_482;Czech;25 %
UDZIAL_524;PODMIOT_178;OSOBA_230;Polish;25 %
UDZIAL_525;PODMIOT_179;OSOBA_190;Italian;100 %
UDZIAL_526;PODMIOT_180;OSOBA_396;Polish;20 %
UDZIAL_527;PODMIOT_180;OSOBA_312;Polish;20 %
UDZIAL_528;PODMIOT_180;OSOBA_217;French;20 %
UDZIAL_529;PODMIOT_180;OSOBA_371;Czech;20 %
UDZIAL_530;PODMIOT_180;OSOBA_268;Polish;20 %
UDZIAL_531;PODMIOT_181;OSOBA_237;Polish;100 %
UDZIAL_532;PODMIOT_182;OSOBA_1;Norwegian;25 %
UDZIAL_533;PODMIOT_182;OSOBA_254;Swedish;25 %
UDZIAL_534;PODMIOT_182;OSOBA_6;Finnish;25 %
UDZIAL_535;PODMIOT_182;OSOBA_56;Polish;25 %
UDZIAL_536;PODMIOT_183;OSOBA_419;Polish;50 %
UDZIAL_537;PODMIOT_183;OSOBA_127;Norwegian;50 %
UDZIAL_538;PODMIOT_184;OSOBA_142;English;50 %
UDZIAL_539;PODMIOT_184;OSOBA_216;Polish;50 %
UDZIAL_540;PODMIOT_185;OSOBA_333;Polish;20 %
UDZIAL_541;PODMIOT_185;OSOBA_364;Polish;20 %
UDZIAL_542;PODMIOT_185;OSOBA_495;USA;20 %
UDZIAL_543;PODMIOT_185;OSOBA_103;Russian;20 %
UDZIAL_544;PODMIOT_185;OSOBA_479;Portugal;20 %
UDZIAL_545;PODMIOT_186;OSOBA_465;Norwegian;25 %
UDZIAL_546;PODMIOT_186;OSOBA_443;China;25 %
UDZIAL_547;PODMIOT_186;OSOBA_450;English;25 %
UDZIAL_548;PODMIOT_186;OSOBA_136;Lithuanian;25 %
UDZIAL_549;PODMIOT_187;OSOBA_292;Polish;50 %
UDZIAL_550;PODMIOT_187;OSOBA_365;Slovene;50 %
UDZIAL_551;PODMIOT_188;OSOBA_278;Polish;20 %
UDZIAL_552;PODMIOT_188;OSOBA_370;Polish;20 %
UDZIAL_553;PODMIOT_188;OSOBA_238;Polish;20 %
UDZIAL_554;PODMIOT_188;OSOBA_439;Polish;20 %
UDZIAL_555;PODMIOT_188;OSOBA_284;Canada;20 %
UDZIAL_556;PODMIOT_189;OSOBA_344;Polish;50 %
UDZIAL_557;PODMIOT_189;OSOBA_372;Polish;50 %
UDZIAL_558;PODMIOT_190;OSOBA_365;Slovene;25 %
UDZIAL_559;PODMIOT_190;OSOBA_382;Danish;25 %
UDZIAL_560;PODMIOT_190;OSOBA_187;Spanish;25 %
UDZIAL_561;PODMIOT_190;OSOBA_465;Norwegian;25 %
UDZIAL_562;PODMIOT_191;OSOBA_202;Polish;33 %
UDZIAL_563;PODMIOT_191;OSOBA_76;Polish;33 %
UDZIAL_564;PODMIOT_191;OSOBA_214;Polish;33 %
UDZIAL_565;PODMIOT_192;OSOBA_284;Canada;33 %
UDZIAL_566;PODMIOT_192;OSOBA_336;Polish;33 %
UDZIAL_567;PODMIOT_192;OSOBA_485;Polish;33 %
UDZIAL_568;PODMIOT_193;OSOBA_277;Polish;25 %
UDZIAL_569;PODMIOT_193;OSOBA_147;Polish;25 %
UDZIAL_570;PODMIOT_193;OSOBA_198;Polish;25 %
UDZIAL_571;PODMIOT_193;OSOBA_278;Polish;25 %
UDZIAL_572;PODMIOT_194;OSOBA_500;Korean;50 %
UDZIAL_573;PODMIOT_194;OSOBA_304;Polish;50 %
UDZIAL_574;PODMIOT_195;OSOBA_292;Polish;100 %
UDZIAL_575;PODMIOT_196;OSOBA_133;Polish;33 %
UDZIAL_576;PODMIOT_196;OSOBA_297;Finnish;33 %
UDZIAL_577;PODMIOT_196;OSOBA_99;Spanish;33 %
UDZIAL_578;PODMIOT_197;OSOBA_474;Italian;50 %
UDZIAL_579;PODMIOT_197;OSOBA_167;Polish;50 %
UDZIAL_580;PODMIOT_198;OSOBA_471;Spanish;33 %
UDZIAL_581;PODMIOT_198;OSOBA_443;China;33 %
UDZIAL_582;PODMIOT_198;OSOBA_114;Canada;33 %
UDZIAL_583;PODMIOT_199;OSOBA_118;Italian;100 %
UDZIAL_584;PODMIOT_200;OSOBA_282;Polish;25 %
UDZIAL_585;PODMIOT_200;OSOBA_28;Polish;25 %
UDZIAL_586;PODMIOT_200;OSOBA_63;Polish;25 %
UDZIAL_587;PODMIOT_200;OSOBA_111;Polish;25 %
UDZIAL_588;PODMIOT_201;OSOBA_461;Mexico;33 %
UDZIAL_589;PODMIOT_201;OSOBA_193;Australia;33 %
UDZIAL_590;PODMIOT_201;OSOBA_481;Polish;33 %
UDZIAL_591;PODMIOT_202;OSOBA_408;Australia;20 %
UDZIAL_592;PODMIOT_202;OSOBA_131;Portugal;20 %
UDZIAL_593;PODMIOT_202;OSOBA_336;Polish;20 %
UDZIAL_594;PODMIOT_202;OSOBA_383;Mexico;20 %
UDZIAL_595;PODMIOT_202;OSOBA_201;Polish;20 %
UDZIAL_596;PODMIOT_203;OSOBA_357;Polish;50 %
UDZIAL_597;PODMIOT_203;OSOBA_454;Taiwan;50 %
UDZIAL_598;PODMIOT_204;OSOBA_34;Polish;100 %
UDZIAL_599;PODMIOT_205;OSOBA_374;Polish;33 %
UDZIAL_600;PODMIOT_205;OSOBA_198;Polish;33 %
UDZIAL_601;PODMIOT_205;OSOBA_233;Slovene;33 %
UDZIAL_602;PODMIOT_206;OSOBA_144;USA;25 %
UDZIAL_603;PODMIOT_206;OSOBA_227;Polish;25 %
UDZIAL_604;PODMIOT_206;OSOBA_374;Polish;25 %
UDZIAL_605;PODMIOT_206;OSOBA_134;Lithuanian;25 %
UDZIAL_606;PODMIOT_207;OSOBA_474;Italian;50 %
UDZIAL_607;PODMIOT_207;OSOBA_496;Taiwan;50 %
UDZIAL_608;PODMIOT_208;OSOBA_429;Spanish;20 %
UDZIAL_609;PODMIOT_208;OSOBA_257;Polish;20 %
UDZIAL_610;PODMIOT_208;OSOBA_21;Polish;20 %
UDZIAL_611;PODMIOT_208;OSOBA_309;Australia;20 %
UDZIAL_612;PODMIOT_208;OSOBA_66;English;20 %
UDZIAL_613;PODMIOT_209;OSOBA_330;Polish;50 %
UDZIAL_614;PODMIOT_209;OSOBA_149;Italian;50 %
UDZIAL_615;PODMIOT_210;OSOBA_243;Polish;33 %
UDZIAL_616;PODMIOT_210;OSOBA_271;Slovene;33 %
UDZIAL_617;PODMIOT_210;OSOBA_215;Polish;33 %
UDZIAL_618;PODMIOT_211;OSOBA_474;Italian;33 %
UDZIAL_619;PODMIOT_211;OSOBA_25;Polish;33 %
UDZIAL_620;PODMIOT_211;OSOBA_233;Slovene;33 %
UDZIAL_621;PODMIOT_212;OSOBA_368;Polish;100 %
UDZIAL_622;PODMIOT_213;OSOBA_416;Polish;50 %
UDZIAL_623;PODMIOT_213;OSOBA_311;Polish;50 %
UDZIAL_624;PODMIOT_214;OSOBA_237;Polish;100 %
UDZIAL_625;PODMIOT_215;OSOBA_126;Danish;25 %
UDZIAL_626;PODMIOT_215;OSOBA_411;Spanish;25 %
UDZIAL_627;PODMIOT_215;OSOBA_27;Italian;25 %
UDZIAL_628;PODMIOT_215;OSOBA_370;Polish;25 %
UDZIAL_629;PODMIOT_216;OSOBA_353;Greek;33 %
UDZIAL_630;PODMIOT_216;OSOBA_77;Polish;33 %
UDZIAL_631;PODMIOT_216;OSOBA_253;Canada;33 %
UDZIAL_632;PODMIOT_217;OSOBA_122;Polish;25 %
UDZIAL_633;PODMIOT_217;OSOBA_69;Polish;25 %
UDZIAL_634;PODMIOT_217;OSOBA_244;Norwegian;25 %
UDZIAL_635;PODMIOT_217;OSOBA_459;Polish;25 %
UDZIAL_636;PODMIOT_218;OSOBA_289;Polish;33 %
UDZIAL_637;PODMIOT_218;OSOBA_23;Polish;33 %
UDZIAL_638;PODMIOT_218;OSOBA_90;Spanish;33 %
UDZIAL_639;PODMIOT_219;OSOBA_276;Norwegian;100 %
UDZIAL_640;PODMIOT_220;OSOBA_315;Polish;25 %
UDZIAL_641;PODMIOT_220;OSOBA_273;USA;25 %
UDZIAL_642;PODMIOT_220;OSOBA_79;Russian;25 %
UDZIAL_643;PODMIOT_220;OSOBA_327;Italian;25 %
UDZIAL_644;PODMIOT_221;OSOBA_270;China;33 %
UDZIAL_645;PODMIOT_221;OSOBA_445;Polish;33 %
UDZIAL_646;PODMIOT_221;OSOBA_382;Danish;33 %
UDZIAL_647;PODMIOT_222;OSOBA_326;Mexico;25 %
UDZIAL_648;PODMIOT_222;OSOBA_442;Greek;25 %
UDZIAL_649;PODMIOT_222;OSOBA_218;Australia;25 %
UDZIAL_650;PODMIOT_222;OSOBA_232;Persian;25 %
UDZIAL_651;PODMIOT_223;OSOBA_498;Bulgarian;100 %
UDZIAL_652;PODMIOT_224;OSOBA_413;Persian;20 %
UDZIAL_653;PODMIOT_224;OSOBA_165;Norwegian;20 %
UDZIAL_654;PODMIOT_224;OSOBA_481;Polish;20 %
UDZIAL_655;PODMIOT_224;OSOBA_315;Polish;20 %
UDZIAL_656;PODMIOT_224;OSOBA_25;Polish;20 %
UDZIAL_657;PODMIOT_225;OSOBA_473;English;50 %
UDZIAL_658;PODMIOT_225;OSOBA_132;Australia;50 %
UDZIAL_659;PODMIOT_226;OSOBA_344;Polish;50 %
UDZIAL_660;PODMIOT_226;OSOBA_485;Polish;50 %
UDZIAL_661;PODMIOT_227;OSOBA_437;German;50 %
UDZIAL_662;PODMIOT_227;OSOBA_89;Polish;50 %
UDZIAL_663;PODMIOT_228;OSOBA_101;Polish;33 %
UDZIAL_664;PODMIOT_228;OSOBA_348;Japanese;33 %
UDZIAL_665;PODMIOT_228;OSOBA_131;Portugal;33 %
UDZIAL_666;PODMIOT_229;OSOBA_85;Persian;50 %
UDZIAL_667;PODMIOT_229;OSOBA_421;Hindi;50 %
UDZIAL_668;PODMIOT_230;OSOBA_240;Dutch;33 %
UDZIAL_669;PODMIOT_230;OSOBA_383;Mexico;33 %
UDZIAL_670;PODMIOT_230;OSOBA_254;Swedish;33 %
UDZIAL_671;PODMIOT_231;OSOBA_138;Czech;20 %
UDZIAL_672;PODMIOT_231;OSOBA_20;Nepali;20 %
UDZIAL_673;PODMIOT_231;OSOBA_274;German;20 %
UDZIAL_674;PODMIOT_231;OSOBA_12;Korean;20 %
UDZIAL_675;PODMIOT_231;OSOBA_133;Polish;20 %
UDZIAL_676;PODMIOT_232;OSOBA_45;Polish;25 %
UDZIAL_677;PODMIOT_232;OSOBA_94;Greek;25 %
UDZIAL_678;PODMIOT_232;OSOBA_169;Polish;25 %
UDZIAL_679;PODMIOT_232;OSOBA_334;Hindi;25 %
UDZIAL_680;PODMIOT_233;OSOBA_236;Polish;25 %
UDZIAL_681;PODMIOT_233;OSOBA_62;Polish;25 %
UDZIAL_682;PODMIOT_233;OSOBA_389;Latvian;25 %
UDZIAL_683;PODMIOT_233;OSOBA_342;Polish;25 %
UDZIAL_684;PODMIOT_234;OSOBA_355;Brazil;33 %
UDZIAL_685;PODMIOT_234;OSOBA_253;Canada;33 %
UDZIAL_686;PODMIOT_234;OSOBA_393;Polish;33 %
UDZIAL_687;PODMIOT_235;OSOBA_162;Canada;25 %
UDZIAL_688;PODMIOT_235;OSOBA_44;Polish;25 %
UDZIAL_689;PODMIOT_235;OSOBA_113;Czech;25 %
UDZIAL_690;PODMIOT_235;OSOBA_390;Polish;25 %
UDZIAL_691;PODMIOT_236;OSOBA_464;Czech;25 %
UDZIAL_692;PODMIOT_236;OSOBA_249;Czech;25 %
UDZIAL_693;PODMIOT_236;OSOBA_223;Polish;25 %
UDZIAL_694;PODMIOT_236;OSOBA_478;Norwegian;25 %
UDZIAL_695;PODMIOT_237;OSOBA_104;Polish;25 %
UDZIAL_696;PODMIOT_237;OSOBA_385;Polish;25 %
UDZIAL_697;PODMIOT_237;OSOBA_345;Taiwan;25 %
UDZIAL_698;PODMIOT_237;OSOBA_170;Brazil;25 %
UDZIAL_699;PODMIOT_238;OSOBA_297;Finnish;100 %
UDZIAL_700;PODMIOT_239;OSOBA_322;Polish;25 %
UDZIAL_701;PODMIOT_239;OSOBA_310;Finnish;25 %
UDZIAL_702;PODMIOT_239;OSOBA_76;Polish;25 %
UDZIAL_703;PODMIOT_239;OSOBA_241;Canada;25 %
UDZIAL_704;PODMIOT_240;OSOBA_344;Polish;50 %
UDZIAL_705;PODMIOT_240;OSOBA_106;Portugal;50 %
UDZIAL_706;PODMIOT_241;OSOBA_38;Australia;100 %
UDZIAL_707;PODMIOT_242;OSOBA_315;Polish;25 %
UDZIAL_708;PODMIOT_242;OSOBA_172;Polish;25 %
UDZIAL_709;PODMIOT_242;OSOBA_237;Polish;25 %
UDZIAL_710;PODMIOT_242;OSOBA_389;Latvian;25 %
UDZIAL_711;PODMIOT_243;OSOBA_194;Norwegian;50 %
UDZIAL_712;PODMIOT_243;OSOBA_406;Swedish;50 %
UDZIAL_713;PODMIOT_244;OSOBA_81;Polish;25 %
UDZIAL_714;PODMIOT_244;OSOBA_366;Polish;25 %
UDZIAL_715;PODMIOT_244;OSOBA_105;Polish;25 %
UDZIAL_716;PODMIOT_244;OSOBA_222;Finnish;25 %
UDZIAL_717;PODMIOT_245;OSOBA_91;Polish;50 %
UDZIAL_718;PODMIOT_245;OSOBA_129;Polish;50 %
UDZIAL_719;PODMIOT_246;OSOBA_448;Polish;33 %
UDZIAL_720;PODMIOT_246;OSOBA_489;English;33 %
UDZIAL_721;PODMIOT_246;OSOBA_302;Polish;33 %
UDZIAL_722;PODMIOT_247;OSOBA_78;Danish;33 %
UDZIAL_723;PODMIOT_247;OSOBA_285;English;33 %
UDZIAL_724;PODMIOT_247;OSOBA_477;Polish;33 %
UDZIAL_725;PODMIOT_248;OSOBA_56;Polish;33 %
UDZIAL_726;PODMIOT_248;OSOBA_315;Polish;33 %
UDZIAL_727;PODMIOT_248;OSOBA_279;French;33 %
UDZIAL_728;PODMIOT_249;OSOBA_186;Italian;50 %
UDZIAL_729;PODMIOT_249;OSOBA_391;Korean;50 %
UDZIAL_730;PODMIOT_250;OSOBA_246;German;50 %
UDZIAL_731;PODMIOT_250;OSOBA_216;Polish;50 %
