id_konta;id_podmiotu;numer_konta;nazwa_banku
KONTO_P_1;PODMIOT_1;37 5265 0767 9901 7224 6694;RCI Banque
KONTO_P_2;PODMIOT_1;16 5140 7874 9365 3955 8599;Bank Handlowy
KONTO_P_3;PODMIOT_1;37 1496 4477 7236 3353 3582;Banif Plus Bank
KONTO_P_4;PODMIOT_1;63 4209 6668 3195 7942 8382;EUROCLEAR Bank
KONTO_P_5;PODMIOT_2;16 0217 0782 9271 9131 2763;CAIXABANK
KONTO_P_6;PODMIOT_3;83 2533 3970 3753 8106 7759;Euro Bank
KONTO_P_7;PODMIOT_3;17 7761 4243 8062 3765 8664;Bank BGŻ BNP Paribas
KONTO_P_8;PODMIOT_4;97 0742 5586 5975 4395 1440;Volkswagen Bank Polska
KONTO_P_9;PODMIOT_4;84 2237 5698 9265 7905 9052;DNB Bank Polska
KONTO_P_10;PODMIOT_4;68 7874 8986 7884 8723 5745;RCI Banque
KONTO_P_11;PODMIOT_5;19 2436 8281 5114 8840 1112;Powszechna Kasa Oszczędności Bank Polski SA (Inteligo)
KONTO_P_12;PODMIOT_5;35 1325 4781 7462 7894 7526;Bank BGŻ BNP Paribas
KONTO_P_13;PODMIOT_6;52 7834 5386 0986 4012 7065;Bank Polska Kasa Opieki
KONTO_P_14;PODMIOT_7;64 6082 0279 1571 2239 9591;Danske Bank
KONTO_P_15;PODMIOT_7;33 5984 3631 9069 2886 1282;Deutsche Bank Polska
KONTO_P_16;PODMIOT_7;93 1641 2739 2808 4840 8415;Volkswagen Bank Polska
KONTO_P_17;PODMIOT_7;92 8030 9892 7201 0146 6546;Nykredit Realkredit
KONTO_P_18;PODMIOT_7;12 0179 0718 9468 4127 6430;Volkswagen Bank Polska
KONTO_P_19;PODMIOT_8;80 2674 3210 6210 9173 5236;Nordea Bank
KONTO_P_20;PODMIOT_8;45 3286 9945 5964 2079 6856;Bank of China
KONTO_P_21;PODMIOT_8;53 2931 4474 4886 7694 7793;BNP Paribas Securities Services
KONTO_P_22;PODMIOT_8;28 4264 5172 6612 5469 4822;Euro Bank
KONTO_P_23;PODMIOT_9;92 9923 2454 0399 1743 7930;Mercedes-Benz Bank Polska
KONTO_P_24;PODMIOT_9;63 0663 2564 7111 1037 0773;Bank Ochrony Środowiska
KONTO_P_25;PODMIOT_9;98 6914 7143 9146 0396 4556;Banif Plus Bank
KONTO_P_26;PODMIOT_9;27 3321 5110 4164 7342 1168;BNP Paribas Securities Services
KONTO_P_27;PODMIOT_9;97 3176 1602 0202 0278 7195;Bank Millennium
KONTO_P_28;PODMIOT_10;69 0917 1670 0140 9389 2801;Bank Millennium
KONTO_P_29;PODMIOT_11;67 1297 7118 8107 0585 6961;PKO Bank Hipoteczny
KONTO_P_30;PODMIOT_11;22 0922 1802 1955 5055 6624;Bank Millennium
KONTO_P_31;PODMIOT_12;84 1871 6219 4722 4246 8089;Euro Bank
KONTO_P_32;PODMIOT_12;91 9558 7168 9277 4120 4231;Ikano Bank
KONTO_P_33;PODMIOT_12;11 8737 0547 1381 1258 4841;Fiat Bank Polska
KONTO_P_34;PODMIOT_13;84 5069 0812 6688 3577 9203;Western Union
KONTO_P_35;PODMIOT_13;97 2202 8939 7155 3079 8643;Intesa Sanpaolo
KONTO_P_36;PODMIOT_13;90 2016 4019 4293 1835 1348;Santander Consumer Bank
KONTO_P_37;PODMIOT_14;61 6361 1279 3338 0275 0866;Aareal Bank
KONTO_P_38;PODMIOT_14;59 9898 9989 6149 9328 3264;EUROCLEAR Bank
KONTO_P_39;PODMIOT_14;74 7943 5791 2162 2633 5104;Deutsche Bank Polska
KONTO_P_40;PODMIOT_14;10 8235 0704 6836 8479 9573;DNB Bank Polska
KONTO_P_41;PODMIOT_14;24 7606 1247 3231 6133 8004;PKO Bank Hipoteczny
KONTO_P_42;PODMIOT_15;97 7258 1599 2469 7021 0342;Bank of China
KONTO_P_43;PODMIOT_15;19 0263 3695 0584 5842 6684;Bank Millennium
KONTO_P_44;PODMIOT_16;92 9191 4330 4710 4060 3105;RBS Bank
KONTO_P_45;PODMIOT_16;99 9938 1088 2832 3504 3997;ING Bank Śląski
KONTO_P_46;PODMIOT_16;99 1892 5043 8532 7112 5821;Deutsche Bank Polska
KONTO_P_47;PODMIOT_16;28 0654 7081 0481 8714 4545;Banif Plus Bank
KONTO_P_48;PODMIOT_17;23 3863 2282 5076 7088 2385;Industrial and Commercial Bank of China
KONTO_P_49;PODMIOT_17;44 2845 5176 3445 0140 2891;Vanquis Bank
KONTO_P_50;PODMIOT_17;53 8362 1574 4328 8116 9789;Industrial and Commercial Bank of China
KONTO_P_51;PODMIOT_17;29 9254 8437 1577 5345 7997;BNP Paribas Securities Services
KONTO_P_52;PODMIOT_17;20 3486 9386 3231 7179 5378;Nordea Bank
KONTO_P_53;PODMIOT_18;42 6889 8680 0815 3073 9452;Bank BGŻ BNP Paribas
KONTO_P_54;PODMIOT_18;39 5250 0718 4671 0409 8562;Fiat Bank Polska
KONTO_P_55;PODMIOT_18;44 0089 7332 9325 4428 2180;Volkswagen Bank Polska
KONTO_P_56;PODMIOT_19;77 9225 0498 6631 8797 7883;Idea Bank
KONTO_P_57;PODMIOT_19;94 5750 8311 8792 6651 6566;UBS
KONTO_P_58;PODMIOT_19;34 2062 0319 3146 9753 6969;PKO Bank Hipoteczny
KONTO_P_59;PODMIOT_20;80 0664 5394 2058 9792 4859;Sygma Banque
KONTO_P_60;PODMIOT_20;82 4926 8631 9425 7219 7312;Toyota Bank Polska
KONTO_P_61;PODMIOT_20;32 1052 1101 6445 0396 4346;Bank Ochrony Środowiska
KONTO_P_62;PODMIOT_21;50 1398 0502 1313 1621 7482;Bank Ochrony Środowiska
KONTO_P_63;PODMIOT_21;20 2441 7722 1861 4943 1043;BPI Bank Polskich Inwestycji
KONTO_P_64;PODMIOT_21;93 8183 3974 4072 3112 3798;Pekao Bank Hipoteczny
KONTO_P_65;PODMIOT_21;74 7692 0211 1604 2284 3136;Euro Bank
KONTO_P_66;PODMIOT_21;60 1098 1573 1123 8232 1388;Bank of Tokyo-Mitsubishi UFJ Polska
KONTO_P_67;PODMIOT_22;36 4697 3795 3975 6606 5977;BNP Paribas Securities Services
KONTO_P_68;PODMIOT_22;32 6855 8988 7397 0468 3824;Intesa Sanpaolo
KONTO_P_69;PODMIOT_23;95 0873 0866 6240 0216 4453;Fiat Bank Polska
KONTO_P_70;PODMIOT_24;41 4277 6056 6658 6403 4638;Credit Agricole Bank Polska
KONTO_P_71;PODMIOT_25;32 6688 2620 3673 0673 4182;Sygma Banque
KONTO_P_72;PODMIOT_25;75 6992 0620 5516 4906 2285;Danske Bank
KONTO_P_73;PODMIOT_25;17 1983 6767 1668 4448 5501;BNP Paribas Securities Services
KONTO_P_74;PODMIOT_26;23 7278 3865 2462 2190 3582;Raiffeisen Polbank
KONTO_P_75;PODMIOT_27;89 4882 1961 6819 9692 3790;Haitong Bank, S.A., Oddział w Polsce
KONTO_P_76;PODMIOT_27;71 2160 3216 5289 6001 5360;Bank BPH
KONTO_P_77;PODMIOT_27;94 8500 7550 8209 5786 3718;Toyota Bank Polska
KONTO_P_78;PODMIOT_28;58 9064 6937 6426 2619 2269;Svenska Handelsbanken
KONTO_P_79;PODMIOT_28;70 0424 0910 9654 2965 4634;Industrial and Commercial Bank of China
KONTO_P_80;PODMIOT_28;17 8046 6527 4305 3053 8559;Raiffeisen Polbank
KONTO_P_81;PODMIOT_28;69 6500 4386 7765 6484 3961;Industrial and Commercial Bank of China
KONTO_P_82;PODMIOT_29;19 1276 0097 7631 7614 0197;J.P. Morgan Europe
KONTO_P_83;PODMIOT_29;44 0565 6808 2339 5941 2144;Banque PSA Finance
KONTO_P_84;PODMIOT_29;25 5507 0085 1004 2214 5708;Bank Gospodarstwa Krajowego
KONTO_P_85;PODMIOT_30;40 4399 9924 1701 0391 8614;FCE Bank Polska
KONTO_P_86;PODMIOT_30;30 6274 4751 6101 6947 3124;J.P. Morgan Europe
KONTO_P_87;PODMIOT_30;30 3503 0953 0493 9951 7163;Bank Handlowy
KONTO_P_88;PODMIOT_30;16 2341 7835 5614 1455 9965;Sygma Banque
KONTO_P_89;PODMIOT_31;90 6757 2083 1990 2925 5335;Volkswagen Bank Polska
KONTO_P_90;PODMIOT_31;40 1729 4049 8113 2980 2394;Intesa Sanpaolo
KONTO_P_91;PODMIOT_32;31 5698 4903 4115 6059 9931;Nykredit Realkredit
KONTO_P_92;PODMIOT_32;47 2442 5075 4120 8991 1166;Bank Polska Kasa Opieki
KONTO_P_93;PODMIOT_32;43 4740 8492 6337 9976 3192;Bank Handlowy
KONTO_P_94;PODMIOT_33;23 5255 3120 4105 9940 6942;Euro Bank
KONTO_P_95;PODMIOT_33;97 6553 6194 6377 2645 9629;Western Union
KONTO_P_96;PODMIOT_33;99 5778 8622 2729 8915 3504;Euro Bank
KONTO_P_97;PODMIOT_33;69 0562 0180 1157 0144 7981;RCI Banque
KONTO_P_98;PODMIOT_34;64 0098 9449 6111 7905 3473;Bank Millennium
KONTO_P_99;PODMIOT_35;21 7857 1549 2763 2898 6019;Skandinaviska Enskilda Banken
KONTO_P_100;PODMIOT_35;85 7237 4365 5565 2868 6958;Credit Agricole Bank Polska
KONTO_P_101;PODMIOT_35;50 7145 0746 4528 2219 6089;Bank BGŻ BNP Paribas
KONTO_P_102;PODMIOT_36;74 4540 1331 6165 2787 5454;Banque PSA Finance
KONTO_P_103;PODMIOT_36;92 0822 6869 6272 8572 9169;mBank
KONTO_P_104;PODMIOT_36;54 7851 4083 7024 6747 4454;Alior Bank
KONTO_P_105;PODMIOT_36;68 7443 5131 9319 5869 6760;Plus Bank
KONTO_P_106;PODMIOT_36;48 1591 3133 8465 3109 6568;Aareal Bank
KONTO_P_107;PODMIOT_37;92 7901 6612 2297 5460 3107;J.P. Morgan Europe
KONTO_P_108;PODMIOT_37;52 0613 0933 8703 1869 8171;Vanquis Bank
KONTO_P_109;PODMIOT_37;49 7590 1940 9171 3245 6255;BNP Paribas
KONTO_P_110;PODMIOT_38;55 4107 9680 6164 8509 8239;Getin Noble Bank
KONTO_P_111;PODMIOT_38;55 3685 7077 7008 8387 4862;ING Bank Śląski
KONTO_P_112;PODMIOT_38;12 2270 4772 2084 2675 8728;CAIXABANK
KONTO_P_113;PODMIOT_39;20 3574 3238 9172 6267 1339;Bank Millennium
KONTO_P_114;PODMIOT_39;96 7042 3594 5428 1628 3626;RCI Banque
KONTO_P_115;PODMIOT_40;80 3197 4967 1471 6657 3885;FM Bank PBP
KONTO_P_116;PODMIOT_40;15 8573 5301 5259 7851 8578;Bank BPH
KONTO_P_117;PODMIOT_40;35 7735 3923 6330 9039 3591;Bank Zachodni WBK
KONTO_P_118;PODMIOT_41;57 8336 0962 7668 1530 6313;Western Union
KONTO_P_119;PODMIOT_41;43 0117 7589 6499 9601 7154;mBank
KONTO_P_120;PODMIOT_41;16 8884 8158 4811 2061 7533;Mercedes-Benz Bank Polska
KONTO_P_121;PODMIOT_41;31 5546 8926 4601 9161 4602;FM Bank PBP
KONTO_P_122;PODMIOT_42;14 0686 1771 3048 6253 4394;Credit Agricole Bank Polska
KONTO_P_123;PODMIOT_42;97 6609 2837 2545 0222 4755;Citibank Europe
KONTO_P_124;PODMIOT_42;94 3885 9302 8882 6071 0622;Vanquis Bank
KONTO_P_125;PODMIOT_43;56 2392 8340 4198 8346 1256;Volkswagen Bank Polska
KONTO_P_126;PODMIOT_44;37 8087 0548 0704 9463 5591;FM Bank PBP
KONTO_P_127;PODMIOT_45;42 1557 9470 4820 4287 7548;Powszechna Kasa Oszczędności Bank Polski SA (Inteligo)
KONTO_P_128;PODMIOT_45;70 0826 7018 8273 4841 8747;Pekao Bank Hipoteczny
KONTO_P_129;PODMIOT_45;37 1026 4034 5347 3948 3875;Sygma Banque
KONTO_P_130;PODMIOT_45;26 5279 3891 0152 9120 6169;Haitong Bank, S.A., Oddział w Polsce
KONTO_P_131;PODMIOT_45;72 6765 2614 5954 5317 6703;Raiffeisen Polbank
KONTO_P_132;PODMIOT_46;10 2607 3377 2603 3083 6576;Nykredit Realkredit
KONTO_P_133;PODMIOT_46;25 5500 9912 7364 9325 4631;Bank Handlowy
KONTO_P_134;PODMIOT_46;90 8889 3037 8289 5547 7725;Nykredit Realkredit
KONTO_P_135;PODMIOT_46;93 6633 7313 3027 2366 7533;Getin Noble Bank
KONTO_P_136;PODMIOT_46;85 1881 7670 8403 5325 4113;ING Bank Śląski
KONTO_P_137;PODMIOT_47;93 2109 0725 0676 1708 7536;Bank Millennium
KONTO_P_138;PODMIOT_47;57 1351 6687 5466 0177 4454;Bank Pocztowy
KONTO_P_139;PODMIOT_47;52 3818 6275 4858 3253 8024;Credit Agricole Bank Polska
KONTO_P_140;PODMIOT_47;19 3638 9375 1992 3688 5803;Intesa Sanpaolo
KONTO_P_141;PODMIOT_48;52 2814 2994 7254 9084 4319;CAIXABANK
KONTO_P_142;PODMIOT_48;61 7308 8847 1949 3643 9830;Plus Bank
KONTO_P_143;PODMIOT_49;35 1095 9030 6643 1540 3203;Vanquis Bank
KONTO_P_144;PODMIOT_49;70 5521 0813 4197 1857 3934;FCE Bank Polska
KONTO_P_145;PODMIOT_49;36 8369 5292 0520 4712 0038;Bank BPH
KONTO_P_146;PODMIOT_49;65 8737 6101 4359 2857 7160;Aareal Bank
KONTO_P_147;PODMIOT_50;56 6477 3872 6047 2048 1803;Western Union
KONTO_P_148;PODMIOT_51;47 6626 3273 5709 1155 5643;Nordea Bank
KONTO_P_149;PODMIOT_51;44 3599 4242 2935 1253 6431;Elavon Financial Services
KONTO_P_150;PODMIOT_51;79 2889 5402 3958 6495 1303;Toyota Bank Polska
KONTO_P_151;PODMIOT_52;86 2963 3925 8617 2842 8389;EUROCLEAR Bank
KONTO_P_152;PODMIOT_52;41 6247 4623 8663 2944 9562;Elavon Financial Services
KONTO_P_153;PODMIOT_53;10 3995 4048 5943 7933 7968;Bank Pocztowy
KONTO_P_154;PODMIOT_53;58 9623 6861 8897 5534 2515;DZ Bank AG
KONTO_P_155;PODMIOT_53;78 3697 4552 1522 7019 6758;Pekao Bank Hipoteczny
KONTO_P_156;PODMIOT_54;40 5216 1373 3708 2436 3092;Sygma Banque
KONTO_P_157;PODMIOT_54;64 9478 0221 8093 0576 8587;Santander Consumer Bank
KONTO_P_158;PODMIOT_54;62 6189 0040 1263 0370 3297;PKO Bank Hipoteczny
KONTO_P_159;PODMIOT_55;89 3722 5615 3154 0890 5852;Deutsche Bank Polska
KONTO_P_160;PODMIOT_55;29 1595 6778 4752 5659 8809;Saxo Bank
KONTO_P_161;PODMIOT_55;46 2491 9990 9181 1180 7033;Elavon Financial Services
KONTO_P_162;PODMIOT_56;64 2896 7703 2777 5834 6928;Sygma Banque
KONTO_P_163;PODMIOT_56;61 4379 0756 3246 9169 7031;Mercedes-Benz Bank Polska
KONTO_P_164;PODMIOT_56;47 2030 2778 6194 6747 8560;Bank Ochrony Środowiska
KONTO_P_165;PODMIOT_56;95 9190 0801 1258 3690 2698;Citibank Europe
KONTO_P_166;PODMIOT_57;44 0497 7329 3563 3074 1555;Aareal Bank
KONTO_P_167;PODMIOT_57;26 9853 0214 0316 0166 9937;Haitong Bank, S.A., Oddział w Polsce
KONTO_P_168;PODMIOT_57;80 9904 2531 3486 9548 2342;CAIXABANK
KONTO_P_169;PODMIOT_57;48 4892 6021 4340 7137 7690;Plus Bank
KONTO_P_170;PODMIOT_57;28 7756 3456 2706 1157 8608;Bank Millennium
KONTO_P_171;PODMIOT_58;83 9824 5164 6197 5481 2254;Banque PSA Finance
KONTO_P_172;PODMIOT_59;71 2566 9104 1065 4894 7280;Banque PSA Finance
KONTO_P_173;PODMIOT_59;82 9671 0725 5885 6745 8895;Raiffeisen Polbank
KONTO_P_174;PODMIOT_59;35 9002 6375 8485 9817 2464;Bank of China
KONTO_P_175;PODMIOT_60;40 9802 6073 4451 7065 2778;Bank Pocztowy
KONTO_P_176;PODMIOT_60;47 1947 7126 8334 9101 4873;Sygma Banque
KONTO_P_177;PODMIOT_60;93 7022 5427 6662 8485 1315;Banif Plus Bank
KONTO_P_178;PODMIOT_60;95 3283 6397 2815 6668 2079;DNB Bank Polska
KONTO_P_179;PODMIOT_60;18 4948 2318 8057 1108 6692;Nordea Bank
KONTO_P_180;PODMIOT_61;88 5018 7555 5553 4265 8183;Industrial and Commercial Bank of China
KONTO_P_181;PODMIOT_61;86 3444 5602 2368 1801 0294;Banque PSA Finance
KONTO_P_182;PODMIOT_62;16 5973 0899 1639 1018 6318;Citibank Europe
KONTO_P_183;PODMIOT_62;11 0588 2436 0818 6020 0082;Vanquis Bank
KONTO_P_184;PODMIOT_62;11 2603 6090 1055 9225 6464;Credit Agricole Bank Polska
KONTO_P_185;PODMIOT_62;78 3217 5454 4160 0023 4652;Santander Consumer Bank
KONTO_P_186;PODMIOT_63;39 1268 3271 4036 0280 6377;Bank Pocztowy
KONTO_P_187;PODMIOT_63;45 2572 6203 5226 2492 5097;BNP Paribas Securities Services
KONTO_P_188;PODMIOT_63;94 2091 3331 5619 3645 8648;Bank Ochrony Środowiska
KONTO_P_189;PODMIOT_64;62 2357 1450 2332 7756 2275;Raiffeisen Polbank
KONTO_P_190;PODMIOT_64;40 7736 3423 3498 6733 9241;Deutsche Bank Polska
KONTO_P_191;PODMIOT_64;39 5679 9076 2199 0437 2349;Alior Bank
KONTO_P_192;PODMIOT_65;95 2094 3336 6589 9046 6545;BNP Paribas Securities Services
KONTO_P_193;PODMIOT_65;95 0513 3567 2704 7601 8177;EUROCLEAR Bank
KONTO_P_194;PODMIOT_65;99 3701 5230 3882 4123 9588;Skandinaviska Enskilda Banken
KONTO_P_195;PODMIOT_66;65 1462 9690 2927 7553 6647;Danske Bank
KONTO_P_196;PODMIOT_66;35 7538 6234 7702 6405 7485;Bank Polska Kasa Opieki
KONTO_P_197;PODMIOT_66;78 7088 5633 5718 1216 2491;Danske Bank
KONTO_P_198;PODMIOT_66;24 5903 9710 7382 0086 3757;Bank of Tokyo-Mitsubishi UFJ Polska
KONTO_P_199;PODMIOT_67;31 6041 7350 3706 7886 0358;Bank Zachodni WBK
KONTO_P_200;PODMIOT_67;96 3202 7642 0796 9897 3086;Mercedes-Benz Bank Polska
KONTO_P_201;PODMIOT_68;54 2181 6935 3255 5334 8567;Bank BGŻ BNP Paribas
KONTO_P_202;PODMIOT_68;79 0805 5159 7230 0847 3535;Euro Bank
KONTO_P_203;PODMIOT_68;58 7241 0512 9398 9134 8295;Bank BGŻ BNP Paribas
KONTO_P_204;PODMIOT_69;70 1876 5318 9056 0838 3039;Alior Bank
KONTO_P_205;PODMIOT_69;51 8324 4449 4001 0533 0155;Svenska Handelsbanken
KONTO_P_206;PODMIOT_70;62 6953 9561 1294 7216 3310;Haitong Bank, S.A., Oddział w Polsce
KONTO_P_207;PODMIOT_70;46 2366 0581 6485 1129 6754;Ikano Bank
KONTO_P_208;PODMIOT_71;37 6464 6525 8882 1249 2823;Citibank Europe
KONTO_P_209;PODMIOT_71;26 2232 4999 3353 8693 9058;Citibank Europe
KONTO_P_210;PODMIOT_71;47 2697 2160 5396 6075 1153;Bank Handlowy
KONTO_P_211;PODMIOT_71;59 9499 1613 4123 2153 8824;Alior Bank
KONTO_P_212;PODMIOT_72;80 2528 6753 6229 1504 3910;Société Générale
KONTO_P_213;PODMIOT_73;26 7687 3499 0421 2706 0396;Intesa Sanpaolo
KONTO_P_214;PODMIOT_73;49 3876 4599 4787 3706 9133;Nordea Bank
KONTO_P_215;PODMIOT_74;89 3411 9661 9854 3929 2751;Nordea Bank
KONTO_P_216;PODMIOT_74;93 1093 4441 1083 6980 3555;Aareal Bank
KONTO_P_217;PODMIOT_74;49 3872 1603 4471 0116 7649;Western Union
KONTO_P_218;PODMIOT_74;81 9096 8918 0637 7683 2606;Bank of China
KONTO_P_219;PODMIOT_75;35 9265 7001 7933 4454 6224;FCE Bank Polska
KONTO_P_220;PODMIOT_75;95 6280 6426 5005 3433 0178;Bank BGŻ BNP Paribas
KONTO_P_221;PODMIOT_75;77 4463 3575 2770 5616 5768;mBank
KONTO_P_222;PODMIOT_76;11 6495 8643 0324 6729 7314;Alior Bank
KONTO_P_223;PODMIOT_76;40 1399 3046 6669 3126 9008;Bank BPH
KONTO_P_224;PODMIOT_76;98 9120 0893 3931 0064 4811;FCE Bank Polska
KONTO_P_225;PODMIOT_77;33 2974 3661 6001 7062 0031;Getin Noble Bank
KONTO_P_226;PODMIOT_77;99 5460 9788 0634 0521 7441;Bank Millennium
KONTO_P_227;PODMIOT_77;24 9159 8862 5929 9005 5007;Fiat Bank Polska
KONTO_P_228;PODMIOT_77;11 1132 8678 5016 5509 8407;Raiffeisen Polbank
KONTO_P_229;PODMIOT_77;21 4839 6940 4638 1575 0781;HSBC Bank Polska
KONTO_P_230;PODMIOT_78;99 7581 9689 2797 0761 1614;Svenska Handelsbanken
KONTO_P_231;PODMIOT_78;98 0916 1711 9718 2316 4926;FM Bank PBP
KONTO_P_232;PODMIOT_78;60 1118 8564 8762 4179 7061;Skandinaviska Enskilda Banken
KONTO_P_233;PODMIOT_79;23 7487 1175 4624 8649 1724;Bank Pocztowy
KONTO_P_234;PODMIOT_79;92 9441 0688 1329 9802 4604;RBS Bank
KONTO_P_235;PODMIOT_79;89 2072 0415 0422 0070 7707;Vanquis Bank
KONTO_P_236;PODMIOT_79;58 2778 4755 9725 9064 0378;mBank
KONTO_P_237;PODMIOT_80;13 1136 9962 8804 0978 7621;Nykredit Realkredit
KONTO_P_238;PODMIOT_80;35 3907 1156 7308 7629 5751;Sygma Banque
KONTO_P_239;PODMIOT_80;59 0105 1560 4361 3980 1078;Plus Bank
KONTO_P_240;PODMIOT_80;19 1095 9558 7543 3042 1950;Bank Zachodni WBK
KONTO_P_241;PODMIOT_81;92 4687 8057 3687 0967 7501;BNP Paribas Securities Services
KONTO_P_242;PODMIOT_81;57 5215 9955 4834 5176 9312;Santander Consumer Bank
KONTO_P_243;PODMIOT_81;80 3705 2559 7978 2185 0237;Deutsche Bank Polska
KONTO_P_244;PODMIOT_82;89 7989 5113 3938 6624 2987;FM Bank PBP
KONTO_P_245;PODMIOT_83;31 7301 2414 3954 1271 0995;BNP Paribas
KONTO_P_246;PODMIOT_83;86 8452 1834 5831 1037 0479;EUROCLEAR Bank
KONTO_P_247;PODMIOT_83;91 8833 5603 3356 9350 7033;Fiat Bank Polska
KONTO_P_248;PODMIOT_83;70 8961 3918 7127 9986 7951;Volkswagen Bank Polska
KONTO_P_249;PODMIOT_84;14 7980 6450 4061 4142 8321;Bank of Tokyo-Mitsubishi UFJ Polska
KONTO_P_250;PODMIOT_84;36 0366 9529 0802 8836 1133;Bank Millennium
KONTO_P_251;PODMIOT_84;33 4750 8065 5813 8391 4002;Bank Ochrony Środowiska
KONTO_P_252;PODMIOT_85;73 4228 7502 6072 4037 5074;Svenska Handelsbanken
KONTO_P_253;PODMIOT_85;10 5466 7089 0242 7080 0014;Getin Noble Bank
KONTO_P_254;PODMIOT_85;34 6234 0718 3513 0087 4062;Raiffeisen Polbank
KONTO_P_255;PODMIOT_85;72 1652 3810 4908 7096 8106;Nykredit Realkredit
KONTO_P_256;PODMIOT_85;39 3894 0713 6815 2615 6109;FM Bank PBP
KONTO_P_257;PODMIOT_86;26 0922 3935 1989 6917 6699;Euro Bank
KONTO_P_258;PODMIOT_86;13 8396 7960 2119 8091 2847;Nordea Bank
KONTO_P_259;PODMIOT_86;91 2930 2681 2157 9904 6735;FCE Bank Polska
KONTO_P_260;PODMIOT_86;52 1631 8397 6602 4827 0279;Plus Bank
KONTO_P_261;PODMIOT_87;87 2948 3619 7340 3543 4585;Deutsche Bank Polska
KONTO_P_262;PODMIOT_88;49 1595 8801 5966 5577 5130;BNP Paribas
KONTO_P_263;PODMIOT_88;26 2826 9783 2791 4306 9916;Intesa Sanpaolo
KONTO_P_264;PODMIOT_88;39 8663 2696 1477 2221 5555;BNP Paribas Securities Services
KONTO_P_265;PODMIOT_88;10 6981 2965 9945 0872 6206;Getin Noble Bank
KONTO_P_266;PODMIOT_89;49 0391 0485 0002 0334 4823;Citibank Europe
KONTO_P_267;PODMIOT_89;27 9443 7266 2975 3088 3621;Getin Noble Bank
KONTO_P_268;PODMIOT_89;69 2493 7239 4744 0104 2787;Bank Ochrony Środowiska
KONTO_P_269;PODMIOT_89;25 3481 1303 5870 9206 4700;Svenska Handelsbanken
KONTO_P_270;PODMIOT_89;63 0440 2161 7441 7495 7744;Banque PSA Finance
KONTO_P_271;PODMIOT_90;25 1215 1808 5580 5649 3428;CAIXABANK
KONTO_P_272;PODMIOT_90;79 3882 9588 5440 8379 5509;Bank Pocztowy
KONTO_P_273;PODMIOT_90;73 3115 8130 8233 4691 8688;RCI Banque
KONTO_P_274;PODMIOT_91;53 0390 6982 6860 6194 6120;Fiat Bank Polska
KONTO_P_275;PODMIOT_91;30 6303 5195 1693 8561 0389;RBS Bank
KONTO_P_276;PODMIOT_91;56 1630 6357 9366 3528 2438;HSBC Bank Polska
KONTO_P_277;PODMIOT_91;45 6248 5208 9441 3411 6759;DNB Bank Polska
KONTO_P_278;PODMIOT_92;41 9584 8381 4505 1034 4327;Volkswagen Bank Polska
KONTO_P_279;PODMIOT_92;29 6608 5622 1705 5787 7364;PKO Bank Hipoteczny
KONTO_P_280;PODMIOT_93;46 9515 5047 3912 7263 2469;Haitong Bank, S.A., Oddział w Polsce
KONTO_P_281;PODMIOT_94;16 7602 7985 4158 0484 1350;Idea Bank
KONTO_P_282;PODMIOT_94;22 6109 3783 1872 5523 4980;mBank
KONTO_P_283;PODMIOT_94;20 2776 8409 3457 7696 4456;CAIXABANK
KONTO_P_284;PODMIOT_94;49 7375 6036 4922 3068 5434;ING Bank Śląski
KONTO_P_285;PODMIOT_94;30 7942 8504 5202 4549 6285;Bank Polska Kasa Opieki
KONTO_P_286;PODMIOT_95;42 9370 0771 3749 7771 9786;Bank Ochrony Środowiska
KONTO_P_287;PODMIOT_95;51 9241 3221 7619 1540 8187;Banif Plus Bank
KONTO_P_288;PODMIOT_96;92 3247 9673 8747 9193 6703;Deutsche Bank Polska
KONTO_P_289;PODMIOT_96;66 8819 9159 8400 0563 8322;Mercedes-Benz Bank Polska
KONTO_P_290;PODMIOT_96;49 4754 0953 6724 3324 7447;Western Union
KONTO_P_291;PODMIOT_96;26 1928 8789 7347 3047 0097;Société Générale
KONTO_P_292;PODMIOT_96;34 6477 4152 9643 2421 6639;PKO Bank Hipoteczny
KONTO_P_293;PODMIOT_97;94 9233 3008 7913 9776 5312;Volkswagen Bank Polska
KONTO_P_294;PODMIOT_97;33 4007 8508 1832 9230 6959;Nordea Bank
KONTO_P_295;PODMIOT_97;38 3939 8740 8615 2439 4485;Ikano Bank
KONTO_P_296;PODMIOT_97;54 4437 6306 9137 0074 7366;Aareal Bank
KONTO_P_297;PODMIOT_97;60 0321 2868 0503 4410 5176;Haitong Bank, S.A., Oddział w Polsce
KONTO_P_298;PODMIOT_98;35 3863 4415 7195 3987 4142;Bank Polska Kasa Opieki
KONTO_P_299;PODMIOT_98;66 6820 7660 6118 5791 6369;Skandinaviska Enskilda Banken
KONTO_P_300;PODMIOT_98;33 7833 1736 0678 6353 0739;Nykredit Realkredit
KONTO_P_301;PODMIOT_99;36 3747 8824 6857 3904 6400;CAIXABANK
KONTO_P_302;PODMIOT_100;59 0659 0359 8548 7045 9318;Haitong Bank, S.A., Oddział w Polsce
KONTO_P_303;PODMIOT_101;45 4071 1625 2455 6658 5236;Deutsche Bank Polska
KONTO_P_304;PODMIOT_101;48 4036 9519 6904 8225 4642;BPI Bank Polskich Inwestycji
KONTO_P_305;PODMIOT_101;19 4074 5907 0344 6358 8728;Bank of Tokyo-Mitsubishi UFJ Polska
KONTO_P_306;PODMIOT_101;29 4955 7976 7074 5616 9568;Aareal Bank
KONTO_P_307;PODMIOT_101;90 0625 3589 2376 1288 3262;RBS Bank
KONTO_P_308;PODMIOT_102;39 8105 7726 0222 3855 6895;Bank Handlowy
KONTO_P_309;PODMIOT_102;60 4242 1414 6215 1095 2911;Bank of China
KONTO_P_310;PODMIOT_102;25 5176 0248 0156 9440 3387;Banque PSA Finance
KONTO_P_311;PODMIOT_103;61 3096 7146 7571 7703 6231;Idea Bank
KONTO_P_312;PODMIOT_103;74 4961 0200 0707 3420 5940;DNB Bank Polska
KONTO_P_313;PODMIOT_103;75 2031 1547 5460 3874 6510;Bank Gospodarstwa Krajowego
KONTO_P_314;PODMIOT_103;37 7929 5671 5921 2742 4536;Bank Handlowy
KONTO_P_315;PODMIOT_104;98 9588 5897 0651 9485 2108;PKO Bank Hipoteczny
KONTO_P_316;PODMIOT_105;82 4028 5324 5339 9329 5845;RBS Bank
KONTO_P_317;PODMIOT_105;35 9865 3652 4164 6785 6547;Western Union
KONTO_P_318;PODMIOT_106;52 2074 4888 9490 1605 5224;Pekao Bank Hipoteczny
KONTO_P_319;PODMIOT_106;86 6877 8168 9620 4646 0456;ING Bank Śląski
KONTO_P_320;PODMIOT_106;62 6413 9015 4484 6230 5306;Bank Polska Kasa Opieki
KONTO_P_321;PODMIOT_107;17 9742 4251 3497 8357 3364;Nykredit Realkredit
KONTO_P_322;PODMIOT_108;15 5778 0857 1070 8155 2726;Credit Agricole Bank Polska
KONTO_P_323;PODMIOT_108;71 5890 8101 9811 0139 0346;Bank Handlowy
KONTO_P_324;PODMIOT_108;51 4073 2645 8335 9842 6425;Bank Handlowy
KONTO_P_325;PODMIOT_109;42 3337 3224 0094 2577 1326;Banif Plus Bank
KONTO_P_326;PODMIOT_109;36 0718 9444 7702 4994 3106;Powszechna Kasa Oszczędności Bank Polski SA (Inteligo)
KONTO_P_327;PODMIOT_109;52 4479 3970 1921 5251 5934;Bank Polska Kasa Opieki
KONTO_P_328;PODMIOT_110;19 6429 5172 5886 2202 3190;Bank BGŻ BNP Paribas
KONTO_P_329;PODMIOT_111;88 6630 8172 4530 7601 5432;RBS Bank
KONTO_P_330;PODMIOT_111;63 2222 6866 0963 1269 2187;Intesa Sanpaolo
KONTO_P_331;PODMIOT_112;21 3067 3782 5468 6704 1359;FCE Bank Polska
KONTO_P_332;PODMIOT_112;62 6165 6931 9669 8331 1503;Intesa Sanpaolo
KONTO_P_333;PODMIOT_112;27 7833 6818 7390 3260 6802;Alior Bank
KONTO_P_334;PODMIOT_113;95 0861 2280 7227 2155 7210;Vanquis Bank
KONTO_P_335;PODMIOT_113;79 5727 3504 0181 1846 2704;Western Union
KONTO_P_336;PODMIOT_114;52 0773 0508 5985 5736 9119;PKO Bank Hipoteczny
KONTO_P_337;PODMIOT_114;58 4900 5944 4738 4919 5250;Intesa Sanpaolo
KONTO_P_338;PODMIOT_114;71 6577 4347 0468 7915 9603;Danske Bank
KONTO_P_339;PODMIOT_114;51 0482 1876 5176 7346 4082;Bank Gospodarstwa Krajowego
KONTO_P_340;PODMIOT_114;66 7708 7316 7973 6846 9038;Bank Gospodarstwa Krajowego
KONTO_P_341;PODMIOT_115;36 6300 8359 6297 7398 8957;Pekao Bank Hipoteczny
KONTO_P_342;PODMIOT_115;95 4480 5661 1371 0085 9915;DNB Bank Polska
KONTO_P_343;PODMIOT_115;13 3310 0067 5910 0398 4426;ING Bank Śląski
KONTO_P_344;PODMIOT_116;90 8628 8847 0859 5473 0608;Fiat Bank Polska
KONTO_P_345;PODMIOT_116;85 2428 9845 4338 4187 2454;Vanquis Bank
KONTO_P_346;PODMIOT_116;30 4673 7725 1170 6744 8817;Idea Bank
KONTO_P_347;PODMIOT_117;85 2285 7514 9247 4703 9225;Bank of China
KONTO_P_348;PODMIOT_117;71 2742 8311 4772 8192 8367;Nordea Bank
KONTO_P_349;PODMIOT_117;69 2069 1203 9169 8330 2285;Euro Bank
KONTO_P_350;PODMIOT_117;40 7143 0121 4001 5777 6777;Bank Gospodarstwa Krajowego
KONTO_P_351;PODMIOT_118;14 9476 1106 5698 6495 3594;DZ Bank AG
KONTO_P_352;PODMIOT_118;79 4206 9532 5411 1156 6769;PKO Bank Hipoteczny
KONTO_P_353;PODMIOT_118;38 5997 7135 7233 9643 0966;CAIXABANK
KONTO_P_354;PODMIOT_119;93 3875 1959 1966 6474 2055;mBank
KONTO_P_355;PODMIOT_119;82 5125 9476 7641 8474 0644;Alior Bank
KONTO_P_356;PODMIOT_119;64 1130 5350 3220 0054 3403;Bank BPH
KONTO_P_357;PODMIOT_119;92 1709 6126 1752 7474 4872;BPI Bank Polskich Inwestycji
KONTO_P_358;PODMIOT_120;30 7895 7287 0579 4185 1135;Santander Consumer Bank
KONTO_P_359;PODMIOT_120;92 0874 9718 1267 9777 4943;Idea Bank
KONTO_P_360;PODMIOT_121;31 9691 6727 4654 5642 3968;Bank Pocztowy
KONTO_P_361;PODMIOT_121;19 6734 1591 7310 8174 8687;RBS Bank
KONTO_P_362;PODMIOT_121;86 3148 8054 4941 2109 4261;BNP Paribas Securities Services
KONTO_P_363;PODMIOT_121;19 2024 2175 4446 4274 9200;Credit Agricole Bank Polska
KONTO_P_364;PODMIOT_121;81 1894 4045 8841 6108 4479;RBS Bank
KONTO_P_365;PODMIOT_122;82 2233 9443 2358 6230 5827;Idea Bank
KONTO_P_366;PODMIOT_122;34 0764 5430 9157 6882 1274;Toyota Bank Polska
KONTO_P_367;PODMIOT_122;87 8846 4632 6056 2377 8045;J.P. Morgan Europe
KONTO_P_368;PODMIOT_123;73 7349 5607 7515 2723 3425;ING Bank Śląski
KONTO_P_369;PODMIOT_123;75 9431 7115 6692 4446 4024;Citibank Europe
KONTO_P_370;PODMIOT_123;33 3976 4859 4976 2888 7144;mBank
KONTO_P_371;PODMIOT_123;90 8119 7108 6658 6901 0561;Bank Gospodarstwa Krajowego
KONTO_P_372;PODMIOT_124;89 8394 3858 0405 6683 9005;Pekao Bank Hipoteczny
KONTO_P_373;PODMIOT_124;94 2939 3915 8065 0839 3051;Bank Polska Kasa Opieki
KONTO_P_374;PODMIOT_125;37 0888 8215 9205 1817 5886;Bank BPH
KONTO_P_375;PODMIOT_125;80 3189 7871 5068 6957 0500;Bank Ochrony Środowiska
KONTO_P_376;PODMIOT_125;63 4687 1783 3882 2377 0938;Credit Agricole Bank Polska
KONTO_P_377;PODMIOT_125;82 2687 5278 3112 8700 4919;Getin Noble Bank
KONTO_P_378;PODMIOT_125;44 2060 9336 7094 3432 3035;DNB Bank Polska
KONTO_P_379;PODMIOT_126;79 5399 2704 6822 5664 5210;CAIXABANK
KONTO_P_380;PODMIOT_127;51 5786 9227 0390 5842 3958;Nykredit Realkredit
KONTO_P_381;PODMIOT_127;87 7970 4615 0469 8985 2510;DZ Bank AG
KONTO_P_382;PODMIOT_127;92 4622 2300 9784 6044 3886;J.P. Morgan Europe
KONTO_P_383;PODMIOT_127;50 4726 6653 8568 2276 2703;Sygma Banque
KONTO_P_384;PODMIOT_128;53 4901 6451 6876 9024 9094;Bank Gospodarstwa Krajowego
KONTO_P_385;PODMIOT_129;50 6219 8497 7543 0924 2172;Deutsche Bank Polska
KONTO_P_386;PODMIOT_129;19 4019 7790 1672 5695 8919;Bank Polska Kasa Opieki
KONTO_P_387;PODMIOT_129;87 9607 7452 3053 6829 5865;Bank Gospodarstwa Krajowego
KONTO_P_388;PODMIOT_129;52 6370 2142 9415 9322 0104;Nykredit Realkredit
KONTO_P_389;PODMIOT_130;46 4036 9356 2680 6139 6750;Nykredit Realkredit
KONTO_P_390;PODMIOT_130;62 4303 7804 3573 3168 3259;Euro Bank
KONTO_P_391;PODMIOT_131;54 4970 2875 7339 0591 6922;Bank of Tokyo-Mitsubishi UFJ Polska
KONTO_P_392;PODMIOT_131;12 5299 6942 0417 9224 0019;Credit Agricole Bank Polska
KONTO_P_393;PODMIOT_131;62 1927 3079 8705 7986 2637;BNP Paribas Securities Services
KONTO_P_394;PODMIOT_131;41 2110 2182 3722 2772 4105;UBS
KONTO_P_395;PODMIOT_132;91 9863 9280 4536 5052 1608;Svenska Handelsbanken
KONTO_P_396;PODMIOT_132;91 7913 5132 2439 4533 4947;Bank of China
KONTO_P_397;PODMIOT_132;42 2832 9422 7097 8904 1478;Svenska Handelsbanken
KONTO_P_398;PODMIOT_133;32 8817 9397 6681 0682 4950;Pekao Bank Hipoteczny
KONTO_P_399;PODMIOT_133;86 2893 9036 6051 9812 0267;Bank of Tokyo-Mitsubishi UFJ Polska
KONTO_P_400;PODMIOT_134;41 1428 6691 2474 1069 8073;Plus Bank
KONTO_P_401;PODMIOT_134;83 4646 0287 5673 0105 4153;Plus Bank
KONTO_P_402;PODMIOT_134;11 2440 8284 3420 0247 4783;Bank Gospodarstwa Krajowego
KONTO_P_403;PODMIOT_135;44 6555 3310 6026 9717 3652;Bank Zachodni WBK
KONTO_P_404;PODMIOT_135;98 6680 2988 1559 2552 4229;Bank Gospodarstwa Krajowego
KONTO_P_405;PODMIOT_135;97 4978 4720 4392 8582 2069;CAIXABANK
KONTO_P_406;PODMIOT_136;95 4043 4026 4775 2841 8305;Raiffeisen Polbank
KONTO_P_407;PODMIOT_136;16 7285 7223 2766 7231 4200;Mercedes-Benz Bank Polska
KONTO_P_408;PODMIOT_137;22 2394 3630 1449 0587 5791;Pekao Bank Hipoteczny
KONTO_P_409;PODMIOT_137;82 7020 2582 0506 1920 4745;Santander Consumer Bank
KONTO_P_410;PODMIOT_137;87 6299 7980 3596 4157 1447;Haitong Bank, S.A., Oddział w Polsce
KONTO_P_411;PODMIOT_137;99 0259 3056 3441 4225 2168;Haitong Bank, S.A., Oddział w Polsce
KONTO_P_412;PODMIOT_138;64 9542 2218 4082 3277 3106;HSBC Bank Polska
KONTO_P_413;PODMIOT_138;34 8792 1739 5932 6669 9468;J.P. Morgan Europe
KONTO_P_414;PODMIOT_138;87 6781 5799 4828 2973 1557;Svenska Handelsbanken
KONTO_P_415;PODMIOT_139;88 6224 2384 3211 5453 0002;Intesa Sanpaolo
KONTO_P_416;PODMIOT_139;69 6118 8939 9177 7552 7929;Powszechna Kasa Oszczędności Bank Polski SA (Inteligo)
KONTO_P_417;PODMIOT_139;57 0558 4902 1617 5769 3735;Bank of China
KONTO_P_418;PODMIOT_140;28 2385 5719 0760 5093 4408;Bank of China
KONTO_P_419;PODMIOT_140;30 7754 3033 7556 5024 4219;PKO Bank Hipoteczny
KONTO_P_420;PODMIOT_140;54 8712 0206 7519 6829 7747;Bank Polska Kasa Opieki
KONTO_P_421;PODMIOT_141;99 0790 0364 4655 8351 5336;Volkswagen Bank Polska
KONTO_P_422;PODMIOT_141;42 5102 4670 6043 2460 4154;DZ Bank AG
KONTO_P_423;PODMIOT_142;13 7433 2057 2459 1868 8807;Société Générale
KONTO_P_424;PODMIOT_142;61 8050 5245 0132 4969 7037;Mercedes-Benz Bank Polska
KONTO_P_425;PODMIOT_142;36 6721 7795 3672 5126 3684;Idea Bank
KONTO_P_426;PODMIOT_142;71 2160 4963 4948 4217 1009;Volkswagen Bank Polska
KONTO_P_427;PODMIOT_142;24 8179 5655 4103 2539 4258;Bank Ochrony Środowiska
KONTO_P_428;PODMIOT_143;47 1402 2841 2409 5636 1210;Plus Bank
KONTO_P_429;PODMIOT_143;27 3648 1907 5202 6163 1899;Euro Bank
KONTO_P_430;PODMIOT_143;30 3689 8315 1752 7399 8483;Pekao Bank Hipoteczny
KONTO_P_431;PODMIOT_143;90 3561 0081 3859 0536 5946;Bank Millennium
KONTO_P_432;PODMIOT_143;64 1088 3446 1890 4213 0559;Aareal Bank
KONTO_P_433;PODMIOT_144;42 2681 7723 3479 4789 9046;Western Union
KONTO_P_434;PODMIOT_144;82 1453 8402 5493 2752 9818;Bank Pocztowy
KONTO_P_435;PODMIOT_145;15 3691 8970 5854 7419 1900;FM Bank PBP
KONTO_P_436;PODMIOT_146;78 3544 3271 4390 0063 7906;Idea Bank
KONTO_P_437;PODMIOT_146;75 0607 8602 0417 5728 6334;Elavon Financial Services
KONTO_P_438;PODMIOT_146;94 7925 7920 5423 1319 4808;Svenska Handelsbanken
KONTO_P_439;PODMIOT_147;16 1046 1559 2615 7384 1992;FCE Bank Polska
KONTO_P_440;PODMIOT_147;10 1784 2017 5984 6746 0304;BNP Paribas
KONTO_P_441;PODMIOT_147;72 7284 1379 2495 4254 1558;Intesa Sanpaolo
KONTO_P_442;PODMIOT_147;10 3558 5923 7114 7220 7228;Bank Pocztowy
KONTO_P_443;PODMIOT_147;63 9019 3562 1158 0518 9320;EUROCLEAR Bank
KONTO_P_444;PODMIOT_148;66 0759 9552 8953 0847 2399;Haitong Bank, S.A., Oddział w Polsce
KONTO_P_445;PODMIOT_148;75 8184 7335 2612 1493 3373;PKO Bank Hipoteczny
KONTO_P_446;PODMIOT_149;59 0067 6325 9360 2326 1753;Intesa Sanpaolo
KONTO_P_447;PODMIOT_149;38 7004 7884 0227 5109 2330;Bank Millennium
KONTO_P_448;PODMIOT_149;70 4853 4522 2708 7256 3583;J.P. Morgan Europe
KONTO_P_449;PODMIOT_149;93 2827 0357 7584 1365 1937;Powszechna Kasa Oszczędności Bank Polski SA (Inteligo)
KONTO_P_450;PODMIOT_150;25 9173 4261 9687 8952 1710;RBS Bank
KONTO_P_451;PODMIOT_150;11 4803 3222 4888 7841 1112;Western Union
KONTO_P_452;PODMIOT_150;80 3838 9054 4243 1804 4154;Bank BPH
KONTO_P_453;PODMIOT_150;23 4500 7500 4527 3663 4372;Ikano Bank
KONTO_P_454;PODMIOT_151;30 8628 5360 2060 7300 4213;Powszechna Kasa Oszczędności Bank Polski SA (Inteligo)
KONTO_P_455;PODMIOT_151;21 2846 7700 5262 1519 2464;Bank Ochrony Środowiska
KONTO_P_456;PODMIOT_151;24 3221 6587 1157 2160 3588;Danske Bank
KONTO_P_457;PODMIOT_151;52 3815 2068 2839 1209 3441;Plus Bank
KONTO_P_458;PODMIOT_152;70 0115 6891 5577 3180 4900;Banque PSA Finance
KONTO_P_459;PODMIOT_153;98 0435 5939 7440 7955 3303;Elavon Financial Services
KONTO_P_460;PODMIOT_153;51 4097 0368 7868 6134 0342;Banif Plus Bank
KONTO_P_461;PODMIOT_153;78 7627 2279 6787 0101 9011;ING Bank Śląski
KONTO_P_462;PODMIOT_153;27 8366 3233 8042 8647 0294;Volkswagen Bank Polska
KONTO_P_463;PODMIOT_153;63 8840 0573 4609 1939 2507;RCI Banque
KONTO_P_464;PODMIOT_154;34 9789 3285 8469 2445 9363;Nykredit Realkredit
KONTO_P_465;PODMIOT_154;59 7306 3725 2981 1384 8538;Fiat Bank Polska
KONTO_P_466;PODMIOT_154;26 5188 7388 4255 7884 2930;Western Union
KONTO_P_467;PODMIOT_154;14 6325 2522 6704 7454 2092;Bank Zachodni WBK
KONTO_P_468;PODMIOT_154;45 4562 5634 2442 5028 2749;CAIXABANK
KONTO_P_469;PODMIOT_155;93 7460 3258 8085 5652 9646;Bank of Tokyo-Mitsubishi UFJ Polska
KONTO_P_470;PODMIOT_156;34 5769 3535 5489 6535 4239;Pekao Bank Hipoteczny
KONTO_P_471;PODMIOT_156;22 9806 0828 6361 6226 3237;Plus Bank
KONTO_P_472;PODMIOT_156;84 5607 6966 7852 9071 7254;PKO Bank Hipoteczny
KONTO_P_473;PODMIOT_157;86 4073 9164 0527 8675 9508;Aareal Bank
KONTO_P_474;PODMIOT_157;62 3326 2312 0808 8013 4080;Industrial and Commercial Bank of China
KONTO_P_475;PODMIOT_158;83 9402 2840 8799 5983 4416;Vanquis Bank
KONTO_P_476;PODMIOT_158;55 7846 9948 4751 8847 6544;BPI Bank Polskich Inwestycji
KONTO_P_477;PODMIOT_159;57 2375 8134 4042 5605 3124;Nykredit Realkredit
KONTO_P_478;PODMIOT_160;94 3263 6509 1938 2745 7417;J.P. Morgan Europe
KONTO_P_479;PODMIOT_160;11 2055 3271 8469 1228 6734;Volkswagen Bank Polska
KONTO_P_480;PODMIOT_160;49 4154 0586 5753 4178 0891;Volkswagen Bank Polska
KONTO_P_481;PODMIOT_160;10 8227 1293 7117 0785 6577;Bank of Tokyo-Mitsubishi UFJ Polska
KONTO_P_482;PODMIOT_161;90 9027 5871 5822 0599 7072;Pekao Bank Hipoteczny
KONTO_P_483;PODMIOT_162;35 3684 7610 4150 2001 6940;J.P. Morgan Europe
KONTO_P_484;PODMIOT_162;23 3387 2039 6657 2425 6488;Vanquis Bank
KONTO_P_485;PODMIOT_162;48 6829 4945 2327 5553 9728;Mercedes-Benz Bank Polska
KONTO_P_486;PODMIOT_162;76 9427 4129 6156 5951 3974;Haitong Bank, S.A., Oddział w Polsce
KONTO_P_487;PODMIOT_163;56 5982 1208 6404 3396 0429;Haitong Bank, S.A., Oddział w Polsce
KONTO_P_488;PODMIOT_163;96 3159 2166 7770 4767 9489;mBank
KONTO_P_489;PODMIOT_163;95 0539 2438 7322 3592 4980;Ikano Bank
KONTO_P_490;PODMIOT_163;32 4119 4663 6278 3780 4155;Industrial and Commercial Bank of China
KONTO_P_491;PODMIOT_163;68 2565 9740 8552 8697 3827;BPI Bank Polskich Inwestycji
KONTO_P_492;PODMIOT_164;85 6909 4326 9064 5669 6952;Volkswagen Bank Polska
KONTO_P_493;PODMIOT_164;50 5836 5614 8970 9847 1411;FCE Bank Polska
KONTO_P_494;PODMIOT_165;71 7539 7476 2647 8734 3912;Saxo Bank
KONTO_P_495;PODMIOT_165;22 0258 3914 5785 4506 2442;Bank Handlowy
KONTO_P_496;PODMIOT_165;88 7268 9918 9300 3337 7900;HSBC Bank Polska
KONTO_P_497;PODMIOT_165;89 9426 7294 9345 2501 2299;Bank of China
KONTO_P_498;PODMIOT_166;64 7099 4397 4172 8436 0261;Pekao Bank Hipoteczny
KONTO_P_499;PODMIOT_166;91 2494 7020 3950 3974 5336;Powszechna Kasa Oszczędności Bank Polski SA (Inteligo)
KONTO_P_500;PODMIOT_166;30 5002 0568 8378 2121 2228;Fiat Bank Polska
KONTO_P_501;PODMIOT_166;77 5697 9121 6284 5486 1721;FCE Bank Polska
KONTO_P_502;PODMIOT_167;13 9378 1213 0518 7570 4079;Bank Ochrony Środowiska
KONTO_P_503;PODMIOT_168;68 2971 2857 2433 3083 1743;Elavon Financial Services
KONTO_P_504;PODMIOT_168;53 1917 0293 4501 5245 9005;HSBC Bank Polska
KONTO_P_505;PODMIOT_168;88 3421 0914 7568 4460 9681;Svenska Handelsbanken
KONTO_P_506;PODMIOT_168;58 0799 3298 9491 5174 3436;HSBC Bank Polska
KONTO_P_507;PODMIOT_168;26 8793 6350 9073 5230 6586;Svenska Handelsbanken
KONTO_P_508;PODMIOT_169;85 2079 3727 2992 4782 7150;CAIXABANK
KONTO_P_509;PODMIOT_169;48 2208 1898 3845 6439 3787;Powszechna Kasa Oszczędności Bank Polski SA (Inteligo)
KONTO_P_510;PODMIOT_169;36 4701 7317 4260 3875 2454;Intesa Sanpaolo
KONTO_P_511;PODMIOT_170;86 0460 0016 4217 9717 2638;Banif Plus Bank
KONTO_P_512;PODMIOT_170;62 7506 8258 9070 0612 6489;Western Union
KONTO_P_513;PODMIOT_171;34 0930 2752 8887 3012 6402;CAIXABANK
KONTO_P_514;PODMIOT_171;44 5397 7282 5602 9685 9161;Bank of China
KONTO_P_515;PODMIOT_171;24 0165 3972 3245 8333 8476;Bank Ochrony Środowiska
KONTO_P_516;PODMIOT_172;98 3345 0390 4662 2786 8425;Toyota Bank Polska
KONTO_P_517;PODMIOT_172;86 8126 5343 2188 8912 9377;Skandinaviska Enskilda Banken
KONTO_P_518;PODMIOT_173;81 6017 3508 2630 9626 5317;UBS
KONTO_P_519;PODMIOT_173;48 2275 9497 5616 5314 3092;UBS
KONTO_P_520;PODMIOT_173;43 0642 3441 8638 0039 3878;Euro Bank
KONTO_P_521;PODMIOT_173;35 3117 7536 1591 5976 7717;Euro Bank
KONTO_P_522;PODMIOT_174;61 2757 3075 5142 0434 0115;EUROCLEAR Bank
KONTO_P_523;PODMIOT_174;42 4958 2049 1346 8761 3949;Fiat Bank Polska
KONTO_P_524;PODMIOT_175;19 9653 7920 4904 6190 8086;EUROCLEAR Bank
KONTO_P_525;PODMIOT_175;23 3860 0203 2822 2835 7064;Bank Zachodni WBK
KONTO_P_526;PODMIOT_175;88 9401 0130 6553 2881 7517;PKO Bank Hipoteczny
KONTO_P_527;PODMIOT_175;32 6422 2629 9329 4751 2921;Bank Millennium
KONTO_P_528;PODMIOT_175;11 5610 4757 6850 5553 0548;DNB Bank Polska
KONTO_P_529;PODMIOT_176;32 3589 7324 4731 1805 2182;Credit Agricole Bank Polska
KONTO_P_530;PODMIOT_176;98 0164 7517 9757 2991 3098;Raiffeisen Polbank
KONTO_P_531;PODMIOT_177;14 2120 6981 8732 8035 3117;Bank Pocztowy
KONTO_P_532;PODMIOT_178;10 9291 1104 1765 7364 3703;Mercedes-Benz Bank Polska
KONTO_P_533;PODMIOT_178;95 0069 3682 6538 8162 0559;Volkswagen Bank Polska
KONTO_P_534;PODMIOT_178;92 4810 9364 4089 8457 4429;Citibank Europe
KONTO_P_535;PODMIOT_179;87 1124 7503 0287 5865 6586;Nordea Bank
KONTO_P_536;PODMIOT_179;89 1042 5065 0410 4871 2709;Euro Bank
KONTO_P_537;PODMIOT_179;90 6027 4149 8944 0861 7092;Nykredit Realkredit
KONTO_P_538;PODMIOT_179;94 8410 1943 3244 8084 4244;FM Bank PBP
KONTO_P_539;PODMIOT_180;53 3601 4105 7105 1995 3066;PKO Bank Hipoteczny
KONTO_P_540;PODMIOT_181;95 4073 8103 0049 9403 2175;Getin Noble Bank
KONTO_P_541;PODMIOT_181;80 8742 9556 1198 4642 6115;BPI Bank Polskich Inwestycji
KONTO_P_542;PODMIOT_181;54 6835 5975 7913 4186 8711;Bank BGŻ BNP Paribas
KONTO_P_543;PODMIOT_181;59 6898 7372 8679 5916 0340;Toyota Bank Polska
KONTO_P_544;PODMIOT_182;17 7212 8499 2725 8460 1111;EUROCLEAR Bank
KONTO_P_545;PODMIOT_182;17 3872 3737 0634 4951 4369;Banif Plus Bank
KONTO_P_546;PODMIOT_182;57 5275 1520 4397 6791 1431;Intesa Sanpaolo
KONTO_P_547;PODMIOT_183;86 1928 7628 2024 3762 6144;Alior Bank
KONTO_P_548;PODMIOT_183;17 2829 0751 6279 2256 6444;PKO Bank Hipoteczny
KONTO_P_549;PODMIOT_183;76 6106 5148 8440 4511 4942;Bank of Tokyo-Mitsubishi UFJ Polska
KONTO_P_550;PODMIOT_184;56 3309 1423 1691 4350 3828;RBS Bank
KONTO_P_551;PODMIOT_184;59 9421 0672 5050 1436 1561;DZ Bank AG
KONTO_P_552;PODMIOT_184;56 7409 0556 0641 6339 3118;Saxo Bank
KONTO_P_553;PODMIOT_184;36 7720 1595 7813 0077 1468;Nykredit Realkredit
KONTO_P_554;PODMIOT_185;58 8758 3259 2059 1519 0617;Deutsche Bank Polska
KONTO_P_555;PODMIOT_185;94 2761 8380 8377 1741 2611;RBS Bank
KONTO_P_556;PODMIOT_185;44 9256 4113 8903 6718 2091;Saxo Bank
KONTO_P_557;PODMIOT_186;81 1743 1738 0927 2419 4458;Western Union
KONTO_P_558;PODMIOT_186;32 1693 5096 2225 1050 2964;Sygma Banque
KONTO_P_559;PODMIOT_187;19 0253 3714 7597 5211 1931;Skandinaviska Enskilda Banken
KONTO_P_560;PODMIOT_187;61 7575 7296 3870 7314 4030;Bank Pocztowy
KONTO_P_561;PODMIOT_187;48 2114 0105 6189 9525 9827;Getin Noble Bank
KONTO_P_562;PODMIOT_188;18 9683 2771 8812 1848 3125;Aareal Bank
KONTO_P_563;PODMIOT_188;79 6392 2547 5981 3795 0819;Credit Agricole Bank Polska
KONTO_P_564;PODMIOT_188;75 2561 8681 1997 3983 3250;Bank Ochrony Środowiska
KONTO_P_565;PODMIOT_188;20 2219 8118 3215 4251 0375;Alior Bank
KONTO_P_566;PODMIOT_188;44 6946 4490 3109 0687 4936;Raiffeisen Polbank
KONTO_P_567;PODMIOT_189;70 2867 1285 0709 8632 8968;ING Bank Śląski
KONTO_P_568;PODMIOT_189;54 7683 3135 6352 6412 5800;HSBC Bank Polska
KONTO_P_569;PODMIOT_189;88 1913 1785 0225 1782 1844;Bank BGŻ BNP Paribas
KONTO_P_570;PODMIOT_189;38 8597 5492 4003 0315 4216;Vanquis Bank
KONTO_P_571;PODMIOT_189;42 5138 2642 3945 7494 0551;Vanquis Bank
KONTO_P_572;PODMIOT_190;77 3576 6705 5550 7172 7533;Vanquis Bank
KONTO_P_573;PODMIOT_191;91 0376 1336 1875 3194 2425;Bank Ochrony Środowiska
KONTO_P_574;PODMIOT_192;35 6498 9204 9655 7680 9906;Fiat Bank Polska
KONTO_P_575;PODMIOT_192;59 4773 5181 1053 6334 1036;Sygma Banque
KONTO_P_576;PODMIOT_192;76 8835 0825 3051 4944 3517;Ikano Bank
KONTO_P_577;PODMIOT_192;87 3565 0862 0880 2468 3035;Elavon Financial Services
KONTO_P_578;PODMIOT_193;21 0040 5154 0408 7467 6548;Skandinaviska Enskilda Banken
KONTO_P_579;PODMIOT_193;98 5908 4772 4729 6929 0632;Bank BGŻ BNP Paribas
KONTO_P_580;PODMIOT_193;46 9197 0172 3878 0600 0118;Aareal Bank
KONTO_P_581;PODMIOT_194;11 6962 4148 5651 5083 5174;Toyota Bank Polska
KONTO_P_582;PODMIOT_194;60 6042 6179 6251 6147 6468;Aareal Bank
KONTO_P_583;PODMIOT_194;39 6656 3598 8187 6584 5720;Bank Ochrony Środowiska
KONTO_P_584;PODMIOT_194;13 3092 3944 4463 5461 6940;Santander Consumer Bank
KONTO_P_585;PODMIOT_195;77 2507 4098 2599 6178 7574;EUROCLEAR Bank
KONTO_P_586;PODMIOT_195;47 9307 9566 6468 0602 5544;Mercedes-Benz Bank Polska
KONTO_P_587;PODMIOT_195;22 0920 5799 9652 0967 2851;Banif Plus Bank
KONTO_P_588;PODMIOT_195;11 4773 4915 9610 0910 1135;Bank Gospodarstwa Krajowego
KONTO_P_589;PODMIOT_195;96 2850 5540 2145 8399 5944;PKO Bank Hipoteczny
KONTO_P_590;PODMIOT_196;82 9896 7154 2174 5243 8391;Haitong Bank, S.A., Oddział w Polsce
KONTO_P_591;PODMIOT_196;61 8150 8024 6853 5895 0215;Bank Ochrony Środowiska
KONTO_P_592;PODMIOT_196;78 2227 7342 6975 6031 3213;Elavon Financial Services
KONTO_P_593;PODMIOT_196;75 5111 8064 2372 8176 8880;Skandinaviska Enskilda Banken
KONTO_P_594;PODMIOT_196;41 8272 7564 7101 1813 2565;Alior Bank
KONTO_P_595;PODMIOT_197;95 5332 8771 0559 2046 6296;Santander Consumer Bank
KONTO_P_596;PODMIOT_198;72 5993 0110 0493 7347 0158;Nordea Bank
KONTO_P_597;PODMIOT_198;57 0394 0962 0666 7957 8981;Aareal Bank
KONTO_P_598;PODMIOT_198;22 0863 4550 9561 4876 9173;UBS
KONTO_P_599;PODMIOT_198;78 6242 5888 7234 7411 9771;Bank Zachodni WBK
KONTO_P_600;PODMIOT_198;37 4776 6962 8030 5624 5832;RCI Banque
KONTO_P_601;PODMIOT_199;42 4488 5154 1881 7477 6569;Bank Zachodni WBK
KONTO_P_602;PODMIOT_199;51 6058 8057 4188 3696 3942;J.P. Morgan Europe
KONTO_P_603;PODMIOT_199;25 4524 6771 6675 2452 1961;Deutsche Bank Polska
KONTO_P_604;PODMIOT_200;32 5284 5627 0392 7121 5522;PKO Bank Hipoteczny
KONTO_P_605;PODMIOT_200;47 2592 4527 6165 6777 9117;Industrial and Commercial Bank of China
KONTO_P_606;PODMIOT_200;87 8713 1114 5885 5881 1362;Société Générale
KONTO_P_607;PODMIOT_201;88 5101 3687 7085 9753 7262;Citibank Europe
KONTO_P_608;PODMIOT_201;28 3428 6464 0693 7893 4577;BNP Paribas
KONTO_P_609;PODMIOT_202;72 9934 6461 4531 6019 6984;Pekao Bank Hipoteczny
KONTO_P_610;PODMIOT_202;37 0594 4993 1370 5656 2590;J.P. Morgan Europe
KONTO_P_611;PODMIOT_202;13 1117 9103 4070 0052 2228;Danske Bank
KONTO_P_612;PODMIOT_203;11 0865 9370 5792 2968 5216;Euro Bank
KONTO_P_613;PODMIOT_203;21 8178 2309 1638 4286 8268;DZ Bank AG
KONTO_P_614;PODMIOT_203;46 2893 4305 6374 9871 3626;BNP Paribas
KONTO_P_615;PODMIOT_204;22 8865 7937 0033 7267 7375;BNP Paribas Securities Services
KONTO_P_616;PODMIOT_204;18 9632 6793 3252 1495 6714;Bank Millennium
KONTO_P_617;PODMIOT_204;28 9252 8314 2070 1428 7146;RCI Banque
KONTO_P_618;PODMIOT_204;27 1182 9374 5847 4928 7064;BPI Bank Polskich Inwestycji
KONTO_P_619;PODMIOT_204;16 6495 9608 8386 4599 4935;Mercedes-Benz Bank Polska
KONTO_P_620;PODMIOT_205;73 9644 1454 3593 7233 9863;BPI Bank Polskich Inwestycji
KONTO_P_621;PODMIOT_205;65 2240 9490 6546 1726 1928;Idea Bank
KONTO_P_622;PODMIOT_206;76 1172 0802 0972 1450 7787;Bank Pocztowy
KONTO_P_623;PODMIOT_206;71 4092 6649 7985 4247 0728;PKO Bank Hipoteczny
KONTO_P_624;PODMIOT_207;79 1079 4482 6775 2497 4258;RCI Banque
KONTO_P_625;PODMIOT_207;24 6975 0906 9415 3977 5742;Bank BPH
KONTO_P_626;PODMIOT_207;14 4181 6567 2716 3972 1858;Danske Bank
KONTO_P_627;PODMIOT_207;25 3007 9460 6474 4662 7301;Citibank Europe
KONTO_P_628;PODMIOT_208;89 2098 4363 2365 2294 4921;Banif Plus Bank
KONTO_P_629;PODMIOT_208;88 3521 4141 7799 9322 6124;Bank Ochrony Środowiska
KONTO_P_630;PODMIOT_208;73 6637 6336 9867 8548 1040;RCI Banque
KONTO_P_631;PODMIOT_209;14 2096 9632 5956 6492 6391;BNP Paribas Securities Services
KONTO_P_632;PODMIOT_210;65 3807 8345 5268 1658 0200;Idea Bank
KONTO_P_633;PODMIOT_210;37 8094 1155 5499 8756 1790;Bank BPH
KONTO_P_634;PODMIOT_210;91 4401 9725 7407 9822 8200;Bank Zachodni WBK
KONTO_P_635;PODMIOT_210;71 7003 7238 4550 1676 3960;EUROCLEAR Bank
KONTO_P_636;PODMIOT_211;87 5760 2876 5006 2648 6957;Sygma Banque
KONTO_P_637;PODMIOT_212;28 4062 4298 7483 6444 4943;Idea Bank
KONTO_P_638;PODMIOT_213;24 2643 3032 6582 0607 3366;Raiffeisen Polbank
KONTO_P_639;PODMIOT_213;15 9568 4851 7322 0643 4764;Credit Agricole Bank Polska
KONTO_P_640;PODMIOT_213;26 0551 5864 8782 9734 3199;FM Bank PBP
KONTO_P_641;PODMIOT_214;23 2636 0519 8100 8191 7191;Bank Polska Kasa Opieki
KONTO_P_642;PODMIOT_214;62 8925 6169 4823 9260 4964;Danske Bank
KONTO_P_643;PODMIOT_214;23 7761 0040 1472 0100 5872;Nykredit Realkredit
KONTO_P_644;PODMIOT_214;37 3560 0442 3552 2306 9712;BPI Bank Polskich Inwestycji
KONTO_P_645;PODMIOT_215;45 9068 3242 6879 5055 0067;Nordea Bank
KONTO_P_646;PODMIOT_216;97 1652 2262 9808 0442 4146;ING Bank Śląski
KONTO_P_647;PODMIOT_216;21 9633 7541 3470 1082 3219;Vanquis Bank
KONTO_P_648;PODMIOT_216;71 2184 4692 7849 1620 2832;Western Union
KONTO_P_649;PODMIOT_216;64 7717 3996 3431 6559 9171;Aareal Bank
KONTO_P_650;PODMIOT_217;78 2375 5246 8074 4688 3303;Intesa Sanpaolo
KONTO_P_651;PODMIOT_217;79 8627 4902 0580 8446 0458;Saxo Bank
KONTO_P_652;PODMIOT_217;63 9745 2471 3159 2755 4831;Raiffeisen Polbank
KONTO_P_653;PODMIOT_217;42 1389 4928 7839 5412 9324;Sygma Banque
KONTO_P_654;PODMIOT_218;72 3376 0251 7313 8750 7277;BPI Bank Polskich Inwestycji
KONTO_P_655;PODMIOT_218;47 1531 9577 9619 3486 9826;Nordea Bank
KONTO_P_656;PODMIOT_218;42 2832 3380 9856 0170 1187;DZ Bank AG
KONTO_P_657;PODMIOT_218;72 6988 2092 9689 8417 4758;Getin Noble Bank
KONTO_P_658;PODMIOT_218;49 2857 2665 0136 4457 0910;FM Bank PBP
KONTO_P_659;PODMIOT_219;63 2009 1653 4329 8031 3712;Euro Bank
KONTO_P_660;PODMIOT_219;25 2937 9431 5691 3584 3465;PKO Bank Hipoteczny
KONTO_P_661;PODMIOT_219;54 1054 2225 2217 0732 6963;UBS
KONTO_P_662;PODMIOT_219;67 5784 6719 7782 4818 7113;RBS Bank
KONTO_P_663;PODMIOT_219;98 2679 2211 6331 0090 1764;DNB Bank Polska
KONTO_P_664;PODMIOT_220;30 5976 8395 4625 9851 6989;Bank Millennium
KONTO_P_665;PODMIOT_220;33 0800 9724 0379 5180 2693;BNP Paribas
KONTO_P_666;PODMIOT_220;29 5062 1062 6159 3682 5190;Danske Bank
KONTO_P_667;PODMIOT_221;47 2409 3513 6734 7902 1275;ING Bank Śląski
KONTO_P_668;PODMIOT_221;51 4815 3432 1531 8133 4120;mBank
KONTO_P_669;PODMIOT_221;21 4095 0404 2268 7546 9234;Powszechna Kasa Oszczędności Bank Polski SA (Inteligo)
KONTO_P_670;PODMIOT_222;28 9567 4451 2137 4171 9729;Bank BGŻ BNP Paribas
KONTO_P_671;PODMIOT_222;50 6884 9350 0148 7893 3618;Western Union
KONTO_P_672;PODMIOT_222;71 4022 2769 1125 3333 1262;EUROCLEAR Bank
KONTO_P_673;PODMIOT_223;19 6453 2984 4612 3062 0297;Euro Bank
KONTO_P_674;PODMIOT_223;30 9150 7343 5208 0254 8995;Saxo Bank
KONTO_P_675;PODMIOT_223;63 9768 4344 5495 2555 9811;Banque PSA Finance
KONTO_P_676;PODMIOT_223;93 7539 9009 4944 9221 1397;Banque PSA Finance
KONTO_P_677;PODMIOT_223;87 2341 3144 6996 6761 1597;J.P. Morgan Europe
KONTO_P_678;PODMIOT_224;16 6859 0427 2405 6761 6488;Elavon Financial Services
KONTO_P_679;PODMIOT_224;98 1305 3472 2521 9823 2013;Powszechna Kasa Oszczędności Bank Polski SA (Inteligo)
KONTO_P_680;PODMIOT_224;16 0292 6447 1943 1256 8396;DNB Bank Polska
KONTO_P_681;PODMIOT_225;87 2411 0865 1904 4609 2263;Citibank Europe
KONTO_P_682;PODMIOT_225;78 5079 2994 8228 4353 4637;Volkswagen Bank Polska
KONTO_P_683;PODMIOT_226;81 4582 5015 0778 0889 3989;Vanquis Bank
KONTO_P_684;PODMIOT_226;33 7039 2362 7642 3192 5444;PKO Bank Hipoteczny
KONTO_P_685;PODMIOT_226;20 6311 0295 0785 6121 5869;Deutsche Bank Polska
KONTO_P_686;PODMIOT_226;25 6361 3554 4726 9083 7002;Bank BGŻ BNP Paribas
KONTO_P_687;PODMIOT_227;44 7219 5282 3762 3769 7539;DNB Bank Polska
KONTO_P_688;PODMIOT_227;61 4677 8568 0245 9788 3483;DZ Bank AG
KONTO_P_689;PODMIOT_227;59 8802 3228 6647 0172 5263;Idea Bank
KONTO_P_690;PODMIOT_227;95 1540 4611 0105 8836 9908;Bank of China
KONTO_P_691;PODMIOT_227;17 1715 2564 4146 8136 0182;Bank Gospodarstwa Krajowego
KONTO_P_692;PODMIOT_228;10 6565 4072 9501 9431 3063;Plus Bank
KONTO_P_693;PODMIOT_228;43 5488 5289 5879 8285 9888;UBS
KONTO_P_694;PODMIOT_228;83 5543 8497 5598 0610 1943;Getin Noble Bank
KONTO_P_695;PODMIOT_229;96 1454 6716 2599 5077 9525;Vanquis Bank
KONTO_P_696;PODMIOT_229;62 6302 5309 7567 7479 6060;PKO Bank Hipoteczny
KONTO_P_697;PODMIOT_230;24 6832 1355 2471 9864 8648;FM Bank PBP
KONTO_P_698;PODMIOT_230;94 5398 9504 4137 0820 4005;Euro Bank
KONTO_P_699;PODMIOT_230;19 0810 9910 3565 1774 2266;mBank
KONTO_P_700;PODMIOT_231;54 3085 3069 2790 4432 4405;Bank BPH
KONTO_P_701;PODMIOT_232;99 0913 8410 5687 5094 9391;Bank of Tokyo-Mitsubishi UFJ Polska
KONTO_P_702;PODMIOT_233;30 1840 5552 6948 6263 3606;J.P. Morgan Europe
KONTO_P_703;PODMIOT_233;14 2309 9429 2939 8496 1719;Svenska Handelsbanken
KONTO_P_704;PODMIOT_234;99 8105 1437 8319 3114 8723;Société Générale
KONTO_P_705;PODMIOT_235;26 7436 2952 8264 1149 2009;Svenska Handelsbanken
KONTO_P_706;PODMIOT_235;40 0544 4459 5616 0060 0085;Bank Millennium
KONTO_P_707;PODMIOT_235;55 3956 1177 6311 7068 6256;Idea Bank
KONTO_P_708;PODMIOT_236;60 9350 2793 9328 2178 3780;Bank of China
KONTO_P_709;PODMIOT_237;57 5736 6614 9057 5906 3209;Euro Bank
KONTO_P_710;PODMIOT_237;53 9262 2715 6178 8519 6749;Alior Bank
KONTO_P_711;PODMIOT_238;79 8040 9311 4634 6657 1944;Western Union
KONTO_P_712;PODMIOT_238;11 4274 3765 5756 7453 1691;J.P. Morgan Europe
KONTO_P_713;PODMIOT_238;80 1619 2122 2134 4150 4849;DZ Bank AG
KONTO_P_714;PODMIOT_238;15 8261 4571 2007 2457 5271;Banif Plus Bank
KONTO_P_715;PODMIOT_239;26 7824 7064 9223 1914 3615;Fiat Bank Polska
KONTO_P_716;PODMIOT_239;72 1654 0542 0166 2114 9095;DZ Bank AG
KONTO_P_717;PODMIOT_239;72 8189 4985 4450 1174 6675;Société Générale
KONTO_P_718;PODMIOT_239;94 9553 5368 6512 5289 9966;Elavon Financial Services
KONTO_P_719;PODMIOT_239;25 6145 7317 3378 6302 1573;Bank Zachodni WBK
KONTO_P_720;PODMIOT_240;14 0188 9967 6317 4452 1367;mBank
KONTO_P_721;PODMIOT_240;92 2781 7616 1203 2187 2613;mBank
KONTO_P_722;PODMIOT_241;71 6773 5702 3827 5721 0668;mBank
KONTO_P_723;PODMIOT_241;90 4175 0395 8454 7949 3521;Bank Polska Kasa Opieki
KONTO_P_724;PODMIOT_241;94 7894 8652 3579 4898 3557;UBS
KONTO_P_725;PODMIOT_242;18 6658 2058 4220 0470 4238;Intesa Sanpaolo
KONTO_P_726;PODMIOT_242;96 4581 8951 7029 2493 0714;Idea Bank
KONTO_P_727;PODMIOT_242;14 7973 4534 4163 6054 7071;Powszechna Kasa Oszczędności Bank Polski SA (Inteligo)
KONTO_P_728;PODMIOT_242;59 2381 1184 7337 6922 0899;CAIXABANK
KONTO_P_729;PODMIOT_243;51 3933 6428 2712 9398 3055;Nykredit Realkredit
KONTO_P_730;PODMIOT_244;45 8233 8817 5979 0055 2719;Santander Consumer Bank
KONTO_P_731;PODMIOT_244;40 0314 8565 8738 8237 9120;Raiffeisen Polbank
KONTO_P_732;PODMIOT_244;34 1620 9900 3645 0101 0098;Alior Bank
KONTO_P_733;PODMIOT_244;87 0745 8197 4886 8591 3093;Nordea Bank
KONTO_P_734;PODMIOT_244;44 0996 4000 5441 6048 2112;Bank BPH
KONTO_P_735;PODMIOT_245;77 9855 7133 2166 3121 3649;Alior Bank
KONTO_P_736;PODMIOT_245;38 6890 3724 5638 8750 8510;DNB Bank Polska
KONTO_P_737;PODMIOT_245;51 0874 3212 8922 5421 2452;Aareal Bank
KONTO_P_738;PODMIOT_246;81 4155 5672 4733 1865 1156;ING Bank Śląski
KONTO_P_739;PODMIOT_247;41 8636 0601 4070 8964 6475;Bank Ochrony Środowiska
KONTO_P_740;PODMIOT_248;45 5301 8196 6362 5776 9111;Banque PSA Finance
KONTO_P_741;PODMIOT_248;16 0728 4197 8472 9873 7838;Bank Gospodarstwa Krajowego
KONTO_P_742;PODMIOT_248;34 8849 6274 6283 6011 2135;Bank of Tokyo-Mitsubishi UFJ Polska
KONTO_P_743;PODMIOT_249;31 9257 2193 9334 5036 8800;ING Bank Śląski
KONTO_P_744;PODMIOT_249;57 4218 2306 5292 4669 2380;Saxo Bank
KONTO_P_745;PODMIOT_250;31 2771 7584 4958 9227 3189;Haitong Bank, S.A., Oddział w Polsce
